currency,main-programming-language,company-type,workmode,min-experience,max-experience,english-level,max-title,income-in-currency
Dólares,Typescript,Extranjera,Remoto,7,7,3,4,62400.0
Dólares,Kotlin,Extranjera,Remoto,6,6,3,5,102000.0
Dólares,Soy Manager,Extranjera,Remoto,15,15,4,4,150000.0
Pesos,Python,Colombiana con mercado extranjero,Remoto,3,3,4,4,138000000.0
Dólares,Javascript,Extranjera,Remoto,11,11,4,1,78000.0
Pesos,Soy Manager,Extranjera,Híbrido,8,8,3,1,261600000.0
Pesos,Elixir,Colombiana con mercado nacional,Remoto,6,6,4,4,24000000.0
Dólares,C#,Extranjera,Remoto,8,8,4,4,73200.0
Dólares,Typescript,Extranjera,Remoto,9,9,3,4,42250.0
Dólares,Typescript,Extranjera,Remoto,15,15,4,1,160000.0
Pesos,Typescript,Colombiana con mercado extranjero,Remoto,3,3,2,4,53000000.0
Pesos,Javascript,Extranjera,Remoto,6,6,4,4,247440000.0
Pesos,Javascript,Colombiana con mercado extranjero,Remoto,17,17,4,4,300000000.0
Pesos,Javascript,Colombiana con mercado extranjero,Remoto,12,12,3,4,186200000.0
Pesos,Typescript,Colombiana con mercado nacional,Remoto,2,2,0,1,29000000.0
Dólares,Python,Extranjera,Remoto,3,3,2,4,42000.0
Pesos,Python,Colombiana con mercado nacional,Remoto,1,1,3,1,39000000.0
Pesos,PHP,Colombiana con mercado nacional,Remoto,1,1,3,1,12280000.0
Pesos,C#,Extranjera,Remoto,10,10,4,4,280000000.0
Pesos,Go,Colombiana con mercado nacional,Remoto,2,2,2,1,65000000.0
Pesos,Typescript,Colombiana con mercado nacional,Híbrido,1,1,1,4,26000000.0
Dólares,Typescript,Extranjera,Remoto,7,7,4,4,113280.0
Pesos,Typescript,Colombiana con mercado extranjero,Remoto,5,5,1,5,91175500.0
Pesos,Kotlin,Extranjera,Híbrido,9,9,4,4,323129196.0
Dólares,Elixir,Extranjera,Remoto,13,13,4,4,47000.0
Dólares,Javascript,Extranjera,Remoto,10,10,4,4,180000.0
Pesos,Typescript,Extranjera,Remoto,10,10,4,4,354500000.0
Dólares,Typescript,Extranjera,Remoto,15,15,4,4,60000.0
Dólares,C#,Extranjera,Remoto,11,11,4,4,84640.0
Dólares,Ruby,Extranjera,Presencial,3,3,4,1,31200.0
Pesos,Otro lenguaje de programación,Colombiana con mercado nacional,Híbrido,7,7,2,4,150000000.0
Dólares,Go,Extranjera,Remoto,10,10,3,4,87000.0
Pesos,Typescript,Extranjera,Remoto,10,10,4,1,240000000.0
Pesos,Javascript,Colombiana con mercado extranjero,Híbrido,7,7,3,4,114000000.0
Pesos,Python,Colombiana con mercado extranjero,Remoto,13,13,3,5,252000000.0
Pesos,C#,Extranjera,Remoto,22,22,3,1,111600000.0
Pesos,Javascript,Extranjera,Remoto,5,5,3,4,222000000.0
Pesos,Javascript,Extranjera,Remoto,8,8,4,4,235000000.0
Pesos,Go,Extranjera,Híbrido,2,2,1,1,112606400.0
Pesos,Javascript,Colombiana con mercado extranjero,Remoto,10,10,2,4,88000000.0
Pesos,C#,Colombiana con mercado nacional,Híbrido,4,4,1,4,66000000.0
Pesos,Javascript,Colombiana con mercado extranjero,Remoto,4,4,4,5,132000000.0
Pesos,Javascript,Extranjera,Híbrido,10,10,3,4,223000000.0
Pesos,Soy Manager,Colombiana con mercado nacional,Híbrido,14,14,1,4,255120000.0
Dólares,Python,Extranjera,Remoto,16,16,3,5,75000.0
Dólares,Java,Extranjera,Remoto,15,15,4,4,80000.0
Pesos,Otro lenguaje de programación,Extranjera,Remoto,7,7,3,4,89907924.0
Dólares,Javascript,Extranjera,Remoto,7,7,3,4,124800.0
Pesos,Javascript,Colombiana con mercado nacional,Remoto,5,5,2,1,54000000.0
Pesos,Typescript,Extranjera,Remoto,10,10,3,4,315000000.0
Dólares,Javascript,Extranjera,Remoto,4,4,3,1,40867.0
Dólares,Javascript,Extranjera,Remoto,4,4,2,5,43200.0
Pesos,Javascript,Colombiana con mercado extranjero,Remoto,4,4,4,4,135200000.0
Pesos,Soy Manager,Colombiana con mercado extranjero,Híbrido,5,5,2,4,66000000.0
Dólares,C#,Extranjera,Remoto,6,6,3,4,0.0
Dólares,Go,Extranjera,Remoto,7,7,3,5,60000.0
Dólares,Swift/Objective C,Extranjera,Remoto,8,8,3,1,48000.0
Pesos,Javascript,Extranjera,Remoto,9,9,4,4,490000000.0
Dólares,Javascript,Extranjera,Remoto,5,5,4,4,61440.0
Pesos,Typescript,Extranjera,Remoto,13,13,2,5,220000000.0
Pesos,C#,Extranjera,Remoto,6,6,4,4,290840000.0
Dólares,Python,Soy independiente (Freelance),Remoto,8,8,3,5,136000.0
Dólares,C#,Extranjera,Remoto,15,15,4,4,0.0
Dólares,Ruby,Extranjera,Remoto,6,6,4,4,66000.0
Dólares,Go,Extranjera,Remoto,11,11,3,4,110000.0
Pesos,Python,Colombiana con mercado extranjero,Remoto,7,7,4,4,222000000.0
Pesos,C#,Colombiana con mercado nacional,Híbrido,4,4,3,1,61000000.0
Pesos,Python,Colombiana con mercado nacional,Remoto,3,3,2,4,58000000.0
Pesos,Python,Colombiana con mercado extranjero,Remoto,7,7,2,4,100000000.0
Dólares,Python,Extranjera,Remoto,2,2,4,4,0.0
Dólares,Javascript,Extranjera,Remoto,8,8,4,4,80000.0
Pesos,Typescript,Colombiana con mercado extranjero,Remoto,3,3,3,4,35100000.0
Pesos,Soy Manager,Colombiana con mercado nacional,Remoto,8,8,4,4,72500000.0
Dólares,Python,Extranjera,Remoto,10,10,4,4,108000.0
Pesos,Typescript,Extranjera,Remoto,15,15,3,4,446000000.0
Dólares,Ruby,Extranjera,Remoto,15,15,3,4,48000.0
Pesos,Java,Extranjera,Remoto,10,10,2,4,204000000.0
Dólares,Ruby,Extranjera,Remoto,5,5,3,4,47700.0
Dólares,Javascript,Extranjera,Remoto,8,8,4,4,5500.0
Pesos,Javascript,Extranjera,Remoto,13,13,4,4,182000000.0
Pesos,PHP,Colombiana con mercado nacional,Híbrido,4,4,0,1,35000000.0
Pesos,Go,Extranjera,Híbrido,8,8,2,5,190000000.0
Dólares,Python,Extranjera,Híbrido,5,5,4,5,50000.0
Dólares,Elixir,Extranjera,Remoto,7,7,4,4,120000.0
Pesos,Javascript,Extranjera,Remoto,7,7,4,1,230000000.0
Pesos,Java,Colombiana con mercado extranjero,Remoto,3,3,3,4,60000000.0
Dólares,Python,Extranjera,Remoto,9,9,4,1,72000.0
Pesos,Otro lenguaje de programación,Extranjera,Remoto,12,12,3,4,222000000.0
Pesos,Javascript,Extranjera,Remoto,16,16,4,4,250000000.0
Dólares,Javascript,Extranjera,Remoto,5,5,3,4,48000.0
Pesos,Javascript,Colombiana con mercado extranjero,Híbrido,2,2,4,4,110500000.0
Pesos,Python,Extranjera,Remoto,3,3,3,4,133000000.0
Dólares,Javascript,Extranjera,Remoto,10,10,4,4,105000.0
Dólares,Typescript,Extranjera,Remoto,5,5,2,1,36000.0
Dólares,Python,Extranjera,Remoto,20,20,3,1,60000.0
Dólares,Typescript,Extranjera,Híbrido,8,8,4,4,90000.0
Pesos,Javascript,Extranjera,Remoto,5,5,4,4,240000000.0
Pesos,Java,Extranjera,Remoto,16,16,4,5,250000000.0
Dólares,Go,Soy independiente (Freelance),Remoto,6,6,4,4,200000.0
Pesos,Java,Extranjera,Remoto,13,13,4,4,380000000.0
Dólares,Java,Extranjera,Remoto,10,10,2,4,40000.0
Dólares,Typescript,Soy independiente (Freelance),Remoto,12,12,2,4,80000.0
Pesos,Java,Colombiana con mercado extranjero,Remoto,10,10,3,4,144000000.0
Pesos,Javascript,Extranjera,Remoto,8,8,4,5,100000000.0
Pesos,Typescript,Colombiana con mercado extranjero,Remoto,3,3,3,1,171500000.0
Dólares,Python,Extranjera,Remoto,15,15,2,4,120000.0
Pesos,Java,Colombiana con mercado nacional,Remoto,1,1,2,1,50000000.0
Pesos,Java,Colombiana con mercado extranjero,Remoto,12,12,1,4,30000000.0
Pesos,Javascript,Extranjera,Remoto,12,12,3,4,230000000.0
Dólares,Java,Extranjera,Remoto,10,10,3,5,82800.0
Pesos,Java,Colombiana con mercado extranjero,Remoto,13,13,4,4,223080000.0
Dólares,Python,Extranjera,Remoto,15,15,3,4,83000.0
Pesos,Typescript,Extranjera,Remoto,9,9,3,1,222000000.0
Pesos,SQL,Colombiana con mercado extranjero,Remoto,12,12,3,5,98000000.0
Pesos,Typescript,Colombiana con mercado extranjero,Remoto,1,1,2,1,35000000.0
Dólares,Dart,Extranjera,Remoto,22,22,4,5,84000.0
Dólares,Typescript,Extranjera,Presencial,9,9,4,1,160000.0
Pesos,Java,Colombiana con mercado extranjero,Remoto,4,4,2,4,66000000.0
Dólares,Typescript,Extranjera,Remoto,10,10,3,4,60000.0
Pesos,Java,Extranjera,Remoto,10,10,4,5,252000000.0
Dólares,Python,Extranjera,Remoto,5,5,3,5,60000.0
Dólares,Javascript,Extranjera,Remoto,23,23,4,4,84000.0
Dólares,C#,Colombiana con mercado extranjero,Remoto,13,13,4,4,70000.0
Dólares,Ruby,Extranjera,Remoto,15,15,4,5,136000.0
Pesos,Javascript,Colombiana con mercado extranjero,Remoto,5,5,3,4,132000000.0
Dólares,Javascript,Extranjera,Remoto,8,8,4,4,80000.0
Pesos,Python,Colombiana con mercado extranjero,Híbrido,4,4,3,5,143000000.0
Dólares,Typescript,Extranjera,Remoto,7,7,4,4,66000.0
Dólares,C#,Extranjera,Remoto,10,10,3,4,108000.0
Pesos,Python,Colombiana con mercado extranjero,Híbrido,4,4,4,5,240000000.0
Pesos,PHP,Extranjera,Híbrido,12,12,4,4,231600000.0
Pesos,Java,Extranjera,Remoto,8,8,3,4,220000000.0
Pesos,Javascript,Colombiana con mercado extranjero,Remoto,4,4,3,4,132000000.0
Pesos,Typescript,Extranjera,Remoto,4,4,4,4,97000000.0
Pesos,Typescript,Colombiana con mercado extranjero,Híbrido,4,4,0,1,70800000.0
Pesos,Python,Colombiana con mercado nacional,Híbrido,18,18,3,5,110000000.0
Dólares,C#,Extranjera,Remoto,14,14,3,4,44000.0
Dólares,Kotlin,Extranjera,Remoto,15,15,4,5,19600.0
Pesos,Python,Colombiana con mercado nacional,Híbrido,1,1,2,4,44000000.0
Dólares,Typescript,Extranjera,Remoto,4,4,3,1,24000.0
Dólares,SQL,Extranjera,Remoto,15,15,3,4,75000.0
Dólares,Typescript,Extranjera,Remoto,10,10,4,4,66000.0
Pesos,Python,Extranjera,Remoto,10,10,3,5,341276000.0
Pesos,Java,Colombiana con mercado nacional,Remoto,23,23,3,5,240000000.0
Dólares,Typescript,Extranjera,Remoto,12,12,3,5,78000.0
Pesos,Javascript,Colombiana con mercado nacional,Híbrido,8,8,1,5,13000000.0
Pesos,C#,Colombiana con mercado extranjero,Híbrido,17,17,3,5,25000000.0
Pesos,Java,Colombiana con mercado extranjero,Remoto,11,11,2,4,232000000.0
Pesos,Javascript,Colombiana con mercado nacional,Remoto,3,3,3,4,66000000.0
Pesos,Go,Extranjera,Híbrido,6,6,1,4,160000000.0
Pesos,Python,Extranjera,Remoto,4,4,4,4,130000000.0
Dólares,Python,Colombiana con mercado extranjero,Remoto,5,5,3,4,60000.0
Pesos,Java,Extranjera,Remoto,6,6,3,4,16000000.0
Pesos,Javascript,Extranjera,Remoto,5,5,3,4,12500000.0
Pesos,Go,Colombiana con mercado extranjero,Híbrido,5,5,4,4,270000000.0
Pesos,Typescript,Extranjera,Remoto,5,5,4,4,132000000.0
Pesos,Java,Soy independiente (Freelance),Híbrido,13,13,3,5,72000000.0
Pesos,C#,Extranjera,Híbrido,8,8,2,5,120000000.0
Pesos,Typescript,Colombiana con mercado extranjero,Remoto,8,8,0,4,258000000.0
Pesos,C#,Colombiana con mercado extranjero,Remoto,5,5,4,1,240000000.0
Pesos,Javascript,Colombiana con mercado extranjero,Remoto,6,6,3,5,223266000.0
Pesos,Python,Colombiana con mercado extranjero,Remoto,9,9,3,4,168000000.0
Pesos,Javascript,Extranjera,Remoto,7,7,4,5,200000000.0
Pesos,Kotlin,Extranjera,Remoto,8,8,3,4,274000000.0
Pesos,C#,Colombiana con mercado nacional,Remoto,5,5,4,4,77000000.0
Pesos,Go,Extranjera,Remoto,14,14,2,4,144000000.0
Pesos,Java,Colombiana con mercado extranjero,Remoto,10,10,2,4,87000000.0
Dólares,SQL,Colombiana con mercado extranjero,Remoto,10,10,3,4,50800.0
Pesos,Python,Colombiana con mercado nacional,Remoto,5,5,2,1,118000000.0
Dólares,Scala,Extranjera,Remoto,5,5,4,5,76200.0
Dólares,Python,Soy independiente (Freelance),Remoto,10,10,1,1,140000.0
Pesos,SQL,Colombiana con mercado nacional,Híbrido,3,3,2,1,28800000.0
Pesos,Java,Extranjera,Remoto,9,9,2,4,226800000.0
Dólares,Typescript,Extranjera,Remoto,4,4,4,4,36000.0
Pesos,Javascript,Colombiana con mercado nacional,Remoto,4,4,3,4,74400000.0
Pesos,Java,Extranjera,Remoto,4,4,4,4,176000000.0
Pesos,Typescript,Colombiana con mercado extranjero,Remoto,15,15,4,1,21000000.0
Pesos,Javascript,Colombiana con mercado extranjero,Híbrido,6,6,4,4,225000000.0
Pesos,Typescript,Colombiana con mercado extranjero,Remoto,8,8,4,4,123600000.0
Dólares,Python,Extranjera,Híbrido,6,6,3,4,60000.0
Pesos,C#,Extranjera,Remoto,13,13,3,4,0.0
Pesos,Python,Colombiana con mercado extranjero,Híbrido,6,6,4,4,192000000.0
Dólares,Python,Extranjera,Remoto,6,6,3,4,44500.0
Pesos,Java,Colombiana con mercado nacional,Remoto,4,4,3,4,66000000.0
Pesos,Typescript,Extranjera,Remoto,10,10,4,4,336000000.0
Pesos,Python,Colombiana con mercado nacional,Remoto,4,4,3,5,120000000.0
Pesos,Java,Extranjera,Remoto,8,8,1,4,58000000.0
Dólares,Python,Extranjera,Remoto,6,6,4,4,42000.0
Dólares,Javascript,Extranjera,Remoto,16,16,4,4,145000.0
Pesos,Python,Colombiana con mercado extranjero,Remoto,2,2,4,5,115500000.0
Pesos,C,Extranjera,Remoto,7,7,4,4,262800000.0
Dólares,C#,Extranjera,Remoto,5,5,4,4,47000.0
Pesos,Go,Extranjera,Híbrido,5,5,1,4,130000000.0
Dólares,Ruby,Extranjera,Remoto,10,10,3,4,70000.0
Pesos,Javascript,Colombiana con mercado nacional,Remoto,16,16,1,4,130000000.0
Dólares,Ruby,Extranjera,Remoto,1,1,4,4,12000.0
Pesos,Javascript,Colombiana con mercado nacional,Remoto,4,4,1,1,55200000.0
Dólares,Typescript,Extranjera,Remoto,4,4,3,1,18000.0
Pesos,Javascript,Extranjera,Remoto,7,7,4,1,126000000.0
Pesos,PHP,Extranjera,Remoto,30,30,3,5,120000000.0
Pesos,Javascript,Colombiana con mercado extranjero,Remoto,3,3,3,4,78000000.0
Pesos,C#,Extranjera,Remoto,15,15,3,5,230000000.0
Pesos,Go,Colombiana con mercado extranjero,Remoto,3,3,2,4,44000000.0
Pesos,Java,Colombiana con mercado extranjero,Híbrido,4,4,3,4,123000000.0
Pesos,Python,Colombiana con mercado extranjero,Híbrido,4,4,3,5,118000000.0
Pesos,C#,Colombiana con mercado extranjero,Remoto,10,10,3,4,11000000.0
Pesos,SQL,Colombiana con mercado extranjero,Remoto,3,3,3,4,58800000.0
Dólares,Typescript,Extranjera,Remoto,3,3,0,4,31200.0
Dólares,Python,Extranjera,Remoto,4,4,3,4,60000.0
Pesos,F#,Extranjera,Híbrido,10,10,3,4,156598380.0
Dólares,Typescript,Extranjera,Remoto,8,8,2,1,39600.0
Dólares,Javascript,Extranjera,Remoto,3,3,3,4,12000.0
Pesos,Java,Colombiana con mercado extranjero,Híbrido,6,6,3,5,260000000.0
Pesos,Python,Colombiana con mercado nacional,Presencial,4,4,2,4,58000000.0
Dólares,Python,Extranjera,Remoto,4,4,4,5,42000.0
Pesos,Java,Colombiana con mercado extranjero,Remoto,4,4,4,4,65000000.0
Pesos,C#,Colombiana con mercado nacional,Presencial,5,5,2,4,33600000.0
Pesos,Python,Extranjera,Híbrido,3,3,4,5,38000000.0
Pesos,PHP,Colombiana con mercado nacional,Híbrido,2,2,4,4,54600000.0
Pesos,Javascript,Colombiana con mercado extranjero,Remoto,4,4,3,5,65000000.0
Pesos,Python,Colombiana con mercado extranjero,Remoto,9,9,3,4,72800000.0
Pesos,Javascript,Extranjera,Remoto,5,5,3,1,124000000.0
Dólares,Python,Extranjera,Remoto,8,8,4,4,120000.0
Pesos,Java,Colombiana con mercado extranjero,Remoto,9,9,3,4,191200000.0
Pesos,Kotlin,Colombiana con mercado extranjero,Remoto,11,11,4,1,240000000.0
Pesos,Javascript,Colombiana con mercado extranjero,Remoto,14,14,3,4,132000000.0
Pesos,Javascript,Extranjera,Remoto,4,4,3,4,112000000.0
Pesos,Java,Extranjera,Remoto,3,3,1,4,180000000.0
Pesos,Swift/Objective C,Colombiana con mercado nacional,Remoto,12,12,0,4,108000000.0
Pesos,Java,Colombiana con mercado extranjero,Remoto,4,4,3,5,195000000.0
Pesos,C#,Extranjera,Remoto,12,12,2,4,130000000.0
Pesos,PHP,Colombiana con mercado extranjero,Remoto,12,12,3,4,128000000.0
Pesos,Javascript,Extranjera,Remoto,14,14,4,4,306000000.0
Pesos,Python,Colombiana con mercado nacional,Remoto,7,7,2,4,112000000.0
Pesos,Java,Colombiana con mercado extranjero,Remoto,6,6,3,1,126000000.0
Pesos,Otro lenguaje de programación,Colombiana con mercado extranjero,Remoto,5,5,1,4,88400000.0
Pesos,Python,Extranjera,Remoto,5,5,4,4,216000000.0
Pesos,Javascript,Colombiana con mercado nacional,Remoto,3,3,0,1,70000000.0
Pesos,Typescript,Extranjera,Remoto,6,6,3,4,137000000.0
Pesos,Javascript,Extranjera,Remoto,4,4,3,1,81280836.0
Pesos,Java,Colombiana con mercado extranjero,Remoto,5,5,3,4,202800000.0
Pesos,Java,Colombiana con mercado extranjero,Remoto,2,2,1,4,54000000.0
Pesos,Python,Colombiana con mercado extranjero,Remoto,1,1,3,4,54000000.0
Pesos,Javascript,Colombiana con mercado nacional,Presencial,3,3,2,1,48000000.0
Pesos,C++,Extranjera,Híbrido,5,5,3,4,168670000.0
Dólares,Typescript,Extranjera,Remoto,15,15,4,5,96000.0
Pesos,Typescript,Colombiana con mercado nacional,Híbrido,2,2,3,4,54000000.0
Pesos,C#,Extranjera,Remoto,3,3,4,4,60000000.0
Pesos,Javascript,Colombiana con mercado nacional,Híbrido,4,4,1,5,110000000.0
Pesos,Python,Colombiana con mercado extranjero,Remoto,1,1,0,4,35000000.0
Pesos,Kotlin,Extranjera,Remoto,9,9,3,4,202150000.0
Dólares,Swift/Objective C,Extranjera,Remoto,12,12,4,5,130000.0
Pesos,Javascript,Colombiana con mercado extranjero,Remoto,3,3,0,5,36000000.0
Pesos,Javascript,Colombiana con mercado extranjero,Remoto,13,13,0,4,156000000.0
Pesos,Kotlin,Extranjera,Híbrido,10,10,4,4,35000000.0
Pesos,Kotlin,Colombiana con mercado nacional,Remoto,10,10,1,1,11000000.0
Pesos,Kotlin,Colombiana con mercado extranjero,Remoto,15,15,4,4,260000000.0
Pesos,Kotlin,Extranjera,Remoto,10,10,3,4,266000000.0
Dólares,Python,Extranjera,Remoto,7,7,2,1,140000.0
Dólares,Javascript,Extranjera,Remoto,3,3,3,4,24000.0
Dólares,Elixir,Extranjera,Remoto,11,11,4,4,180630.0
Dólares,Javascript,Extranjera,Remoto,4,4,4,1,10000.0
Pesos,Kotlin,Extranjera,Remoto,10,10,1,4,224800000.0
Pesos,Javascript,Extranjera,Remoto,10,10,3,4,94000000.0
Pesos,Kotlin,Colombiana con mercado nacional,Remoto,10,10,2,5,16000000.0
Pesos,Kotlin,Extranjera,Híbrido,10,10,3,4,228000000.0
Pesos,Kotlin,Colombiana con mercado extranjero,Remoto,8,8,1,4,102000000.0
Pesos,Javascript,Colombiana con mercado nacional,Remoto,1,1,2,4,30000000.0
Pesos,Python,Colombiana con mercado extranjero,Remoto,4,4,2,4,18000000.0
Pesos,Kotlin,Colombiana con mercado extranjero,Remoto,10,10,0,5,250000000.0
Pesos,C#,Colombiana con mercado nacional,Remoto,4,4,0,1,48000000.0
Dólares,Typescript,Extranjera,Remoto,11,11,2,1,60000.0
Dólares,Python,Extranjera,Remoto,4,4,4,5,60000.0
Pesos,Python,Colombiana con mercado nacional,Híbrido,4,4,2,5,50400000.0
Pesos,Python,Extranjera,Híbrido,2,2,3,4,94500000.0
Pesos,Java,Extranjera,Remoto,4,4,3,4,75000000.0
Dólares,Kotlin,Extranjera,Remoto,15,15,4,4,100000.0
Dólares,Javascript,Soy independiente (Freelance),Remoto,13,13,4,4,160000.0
Pesos,Kotlin,Colombiana con mercado extranjero,Remoto,6,6,3,4,123600000.0
Pesos,Typescript,Extranjera,Remoto,11,11,3,4,163800000.0
Pesos,Python,Colombiana con mercado nacional,Remoto,3,3,0,4,71900000.0
Pesos,Go,Colombiana con mercado extranjero,Híbrido,9,9,2,4,0.0
Dólares,Javascript,Colombiana con mercado extranjero,Remoto,4,4,2,5,36000.0
Pesos,Typescript,Extranjera,Remoto,14,14,4,4,625000000.0
Pesos,Python,Extranjera,Remoto,4,4,4,4,222060000.0
Pesos,Python,Colombiana con mercado nacional,Remoto,4,4,2,5,90000000.0
Pesos,Typescript,Colombiana con mercado nacional,Remoto,3,3,4,4,150000000.0
Pesos,Typescript,Colombiana con mercado extranjero,Remoto,5,5,2,4,90000000.0
Pesos,Javascript,Colombiana con mercado nacional,Presencial,3,3,2,5,32400000.0
Dólares,Otro lenguaje de programación,Extranjera,Remoto,7,7,4,4,84000.0
Pesos,Javascript,Extranjera,Remoto,6,6,3,1,192000000.0
Dólares,Javascript,Extranjera,Remoto,7,7,4,5,100000.0
Pesos,Javascript,Colombiana con mercado extranjero,Presencial,8,8,1,4,95000000.0
Pesos,Go,Colombiana con mercado extranjero,Híbrido,7,7,3,5,400000000.0
Pesos,Typescript,Colombiana con mercado extranjero,Remoto,6,6,2,4,204000000.0
Pesos,Java,Colombiana con mercado extranjero,Remoto,6,6,3,5,155000000.0
Pesos,Javascript,Extranjera,Remoto,5,5,4,4,87600000.0
Pesos,Typescript,Colombiana con mercado nacional,Remoto,4,4,3,4,52800000.0
Dólares,C#,Extranjera,Remoto,13,13,4,1,95000.0
Dólares,Java,Extranjera,Remoto,8,8,4,4,65000.0
Pesos,Python,Extranjera,Remoto,2,2,3,5,66000000.0
Pesos,Java,Colombiana con mercado nacional,Remoto,10,10,2,4,83000000.0
Pesos,Java,Colombiana con mercado nacional,Remoto,1,1,4,4,26000000.0
Pesos,Python,Extranjera,Híbrido,1,1,1,4,36000000.0
Pesos,Java,Colombiana con mercado nacional,Híbrido,6,6,2,4,120000000.0
Pesos,Java,Colombiana con mercado nacional,Híbrido,5,5,3,4,171000000.0
Pesos,Javascript,Colombiana con mercado extranjero,Remoto,7,7,4,4,158748000.0
Pesos,Javascript,Colombiana con mercado nacional,Híbrido,10,10,3,4,36000000.0
Pesos,Java,Extranjera,Remoto,5,5,4,5,222144000.0
Pesos,Typescript,Colombiana con mercado extranjero,Remoto,5,5,3,4,154700000.0
Pesos,Otro lenguaje de programación,Extranjera,Híbrido,5,5,2,4,20000000.0
Pesos,Otro lenguaje de programación,Colombiana con mercado extranjero,Remoto,12,12,4,4,180000000.0
Pesos,C#,Colombiana con mercado nacional,Remoto,8,8,3,1,400000000.0
Dólares,Python,Extranjera,Remoto,8,8,3,4,68400.0
Pesos,Elixir,Colombiana con mercado nacional,Remoto,7,7,4,4,260000000.0
Pesos,Python,Colombiana con mercado extranjero,Remoto,12,12,4,5,180000000.0
Pesos,Python,Extranjera,Híbrido,6,6,3,4,98000000.0
Pesos,Java,Extranjera,Remoto,10,10,1,4,14115000.0
Dólares,Java,Extranjera,Remoto,6,6,1,4,51600.0
Pesos,Kotlin,Colombiana con mercado extranjero,Remoto,6,6,2,4,120000000.0
Dólares,Kotlin,Soy independiente (Freelance),Remoto,18,18,1,4,72000.0
Pesos,Typescript,Colombiana con mercado extranjero,Remoto,9,9,4,5,270800000.0
Pesos,Javascript,Extranjera,Híbrido,10,10,3,4,202800000.0
Pesos,Rust,Extranjera,Remoto,15,15,4,1,377000000.0
Pesos,Python,Colombiana con mercado extranjero,Remoto,10,10,3,4,222000000.0
Pesos,Javascript,Extranjera,Remoto,12,12,3,4,180000000.0
Pesos,Dart,Colombiana con mercado nacional,Remoto,9,9,2,4,0.0
Pesos,Ruby,Colombiana con mercado nacional,Remoto,4,4,2,4,69600000.0
Pesos,Javascript,Colombiana con mercado nacional,Remoto,13,13,0,4,132680000.0
Pesos,Javascript,Extranjera,Remoto,14,14,2,5,182308000.0
Pesos,Kotlin,Extranjera,Remoto,7,7,4,4,202000000.0
Pesos,Python,Extranjera,Remoto,4,4,3,5,21680000.0
Pesos,Javascript,Colombiana con mercado extranjero,Remoto,8,8,4,1,200000000.0
Pesos,Python,Colombiana con mercado extranjero,Remoto,3,3,4,4,96000000.0
Dólares,Typescript,Extranjera,Remoto,7,7,4,4,100000.0
Pesos,Javascript,Extranjera,Remoto,12,12,3,5,246000000.0
Dólares,Javascript,Soy independiente (Freelance),Híbrido,2,2,3,4,20000.0
Dólares,Otro lenguaje de programación,Extranjera,Remoto,5,5,0,4,22000.0
Pesos,Javascript,Colombiana con mercado extranjero,Remoto,5,5,3,4,180000000.0
Dólares,Typescript,Extranjera,Remoto,3,3,4,1,34500.0
Pesos,Java,Extranjera,Híbrido,4,4,3,4,245000000.0
Dólares,Typescript,Extranjera,Remoto,12,12,4,4,83400.0
Pesos,Python,Colombiana con mercado nacional,Presencial,1,1,1,4,114000000.0
Pesos,Scala,Colombiana con mercado extranjero,Remoto,5,5,4,4,225000000.0
Pesos,Javascript,Colombiana con mercado nacional,Remoto,4,4,3,1,100000000.0
Pesos,Python,Extranjera,Remoto,4,4,4,1,18500000.0
Pesos,Javascript,Extranjera,Remoto,15,15,4,4,230000000.0
Pesos,Typescript,Colombiana con mercado nacional,Remoto,4,4,4,1,30000000.0
Dólares,Typescript,Extranjera,Remoto,2,2,3,4,20000.0
Pesos,Javascript,Extranjera,Híbrido,20,20,3,5,25000000.0
Pesos,Javascript,Colombiana con mercado nacional,Presencial,5,5,3,4,84000000.0
Dólares,Javascript,Extranjera,Remoto,7,7,2,4,105000.0
Pesos,Kotlin,Extranjera,Híbrido,15,15,3,4,392000000.0
Pesos,Swift/Objective C,Colombiana con mercado extranjero,Remoto,13,13,4,4,240000000.0
Dólares,Javascript,Extranjera,Remoto,5,5,3,4,55000.0
Pesos,Typescript,Colombiana con mercado extranjero,Remoto,7,7,4,4,214101000.0
Dólares,Javascript,Extranjera,Remoto,24,24,4,1,170000.0
Dólares,Ruby,Extranjera,Remoto,5,5,4,4,70000.0
Dólares,Typescript,Extranjera,Remoto,17,17,4,1,82000.0
Dólares,Javascript,Extranjera,Remoto,5,5,4,1,11800.0
Pesos,Java,Extranjera,Remoto,13,13,4,4,404400000.0
Pesos,Python,Extranjera,Remoto,6,6,2,1,204000000.0
Pesos,Otro lenguaje de programación,Colombiana con mercado extranjero,Remoto,2,2,0,4,39600000.0
Dólares,Typescript,Extranjera,Remoto,10,10,3,4,5450.0
Pesos,Java,Extranjera,Remoto,10,10,3,4,18505000.0
Pesos,C#,Colombiana con mercado nacional,Híbrido,7,7,3,4,102000000.0
Pesos,C#,Colombiana con mercado extranjero,Híbrido,20,20,4,4,144000000.0
Pesos,Typescript,Colombiana con mercado nacional,Remoto,3,3,2,1,58000000.0
Dólares,Javascript,Extranjera,Remoto,4,4,3,4,20000.0
Pesos,Python,Colombiana con mercado nacional,Remoto,4,4,3,5,103768000.0
Pesos,PHP,Colombiana con mercado nacional,Remoto,4,4,1,5,45000000.0
Pesos,Ruby,Colombiana con mercado extranjero,Remoto,10,10,3,4,440000000.0
Pesos,Go,Extranjera,Remoto,5,5,2,1,100400000.0
Pesos,Java,Colombiana con mercado nacional,Híbrido,3,3,3,4,91000000.0
Dólares,C#,Extranjera,Remoto,8,8,3,5,5500.0
Pesos,Python,Colombiana con mercado extranjero,Presencial,9,9,3,1,53560000.0
Pesos,Python,Colombiana con mercado extranjero,Remoto,6,6,4,4,104000000.0
Pesos,SQL,Extranjera,Presencial,1,1,4,4,38000000.0
Pesos,C#,Colombiana con mercado nacional,Remoto,6,6,3,4,120000000.0
Dólares,Javascript,Extranjera,Remoto,3,3,1,1,15600.0
Pesos,Typescript,Colombiana con mercado extranjero,Remoto,1,1,4,4,67200000.0
Dólares,Javascript,Extranjera,Remoto,10,10,0,1,48000.0
Pesos,SQL,Extranjera,Remoto,1,1,1,4,60000000.0
Pesos,SQL,Extranjera,Remoto,7,7,3,5,236400000.0
Dólares,Python,Extranjera,Remoto,7,7,3,5,60000.0
Pesos,Javascript,Extranjera,Híbrido,16,16,3,4,162000000.0
Pesos,Typescript,Colombiana con mercado extranjero,Remoto,5,5,4,4,77700000.0
Dólares,Soy Manager,Extranjera,Híbrido,7,7,4,4,87000.0
Pesos,Ruby,Colombiana con mercado extranjero,Remoto,10,10,3,4,150000000.0
Pesos,Java,Extranjera,Remoto,10,10,2,4,118000000.0
Pesos,Javascript,Colombiana con mercado extranjero,Remoto,8,8,1,4,230000000.0
Dólares,PHP,Colombiana con mercado extranjero,Remoto,5,5,2,1,30550.0
Dólares,Go,Extranjera,Remoto,9,9,2,4,86000.0
Pesos,Javascript,Colombiana con mercado extranjero,Remoto,7,7,2,4,122000000.0
Dólares,Soy Manager,Extranjera,Híbrido,11,11,3,5,108000.0
Pesos,Typescript,Colombiana con mercado extranjero,Remoto,6,6,0,4,102000000.0
Pesos,Python,Colombiana con mercado nacional,Remoto,4,4,2,5,80000000.0
Dólares,Soy Manager,Colombiana con mercado extranjero,Remoto,4,4,3,4,24000.0
Pesos,Typescript,Colombiana con mercado extranjero,Remoto,5,5,4,4,132000000.0
Pesos,Ruby,Colombiana con mercado nacional,Remoto,3,3,2,1,38278296.0
Pesos,C#,Extranjera,Remoto,9,9,4,4,222066000.0
Pesos,Java,Colombiana con mercado nacional,Remoto,5,5,3,4,105000000.0
Dólares,Typescript,Extranjera,Remoto,13,13,4,4,131436.0
Pesos,SQL,Extranjera,Remoto,30,30,1,4,80000000.0
Dólares,C#,Extranjera,Remoto,18,18,3,5,5500.0
Pesos,Otro lenguaje de programación,Colombiana con mercado extranjero,Híbrido,3,3,2,4,42500000.0
Pesos,Javascript,Extranjera,Híbrido,3,3,3,4,10000000.0
Pesos,Otro lenguaje de programación,Soy independiente (Freelance),Presencial,0,0,0,4,88000000.0
Pesos,Python,Colombiana con mercado nacional,Remoto,12,12,4,5,300000000.0
Pesos,PHP,Colombiana con mercado nacional,Híbrido,15,15,2,4,108000000.0
Pesos,C#,Extranjera,Remoto,15,15,4,1,325000000.0
Pesos,Javascript,Colombiana con mercado extranjero,Híbrido,1,1,3,4,48100000.0
Pesos,Javascript,Colombiana con mercado nacional,Remoto,4,4,3,4,140000000.0
Pesos,Javascript,Colombiana con mercado extranjero,Remoto,15,15,4,1,21000000.0
Pesos,C#,Extranjera,Remoto,4,4,4,5,141600000.0
Dólares,Javascript,Colombiana con mercado extranjero,Remoto,6,6,1,1,32000.0
Pesos,Typescript,Extranjera,Remoto,6,6,4,4,206102000.0
Pesos,Python,Colombiana con mercado nacional,Híbrido,4,4,4,4,56640000.0
Pesos,SQL,Colombiana con mercado extranjero,Remoto,5,5,0,5,90000000.0
Dólares,Python,Extranjera,Remoto,1,1,4,5,19200.0
Pesos,PHP,Colombiana con mercado nacional,Remoto,8,8,2,4,0.0
Dólares,Javascript,Extranjera,Remoto,5,5,0,1,24000.0
Pesos,Python,Colombiana con mercado extranjero,Remoto,3,3,2,1,275000000.0
Pesos,Java,Colombiana con mercado nacional,Híbrido,8,8,0,4,104000000.0
Dólares,Typescript,Extranjera,Remoto,9,9,3,4,64000.0
Dólares,Rust,Extranjera,Remoto,11,11,4,4,95000.0
Dólares,Typescript,Extranjera,Remoto,10,10,4,1,63900.0
Pesos,Java,Extranjera,Híbrido,2,2,2,4,106000000.0
Dólares,Typescript,Extranjera,Remoto,7,7,3,1,115000.0
Dólares,Python,Soy independiente (Freelance),Remoto,5,5,4,4,100000.0
Pesos,Python,Colombiana con mercado nacional,Remoto,3,3,3,4,66000000.0
Dólares,Python,Extranjera,Remoto,2,2,3,4,50000.0
Pesos,Typescript,Extranjera,Remoto,6,6,4,5,400000000.0
Pesos,Typescript,Colombiana con mercado extranjero,Híbrido,8,8,4,4,19200000.0
Pesos,C#,Colombiana con mercado extranjero,Remoto,4,4,4,1,98000000.0
Pesos,Javascript,Extranjera,Híbrido,6,6,1,4,150000000.0
Pesos,Python,Colombiana con mercado extranjero,Remoto,2,2,3,4,72000000.0
Pesos,Javascript,Colombiana con mercado nacional,Híbrido,8,8,2,4,84500000.0
Pesos,Javascript,Extranjera,Remoto,14,14,3,4,313688000.0
Pesos,Python,Extranjera,Híbrido,12,12,4,4,132000000.0
Pesos,Javascript,Colombiana con mercado extranjero,Remoto,3,3,2,4,37000000.0
Pesos,Java,Extranjera,Remoto,20,20,2,1,225000000.0
Pesos,Python,Colombiana con mercado nacional,Presencial,1,1,2,4,48000000.0
Dólares,Javascript,Extranjera,Remoto,12,12,3,4,120000.0
Pesos,Python,Colombiana con mercado extranjero,Híbrido,6,6,4,4,92000000.0
Dólares,Go,Extranjera,Remoto,5,5,4,5,100000.0
Pesos,Python,Colombiana con mercado nacional,Remoto,1,1,1,4,44000000.0
Dólares,Typescript,Extranjera,Remoto,5,5,2,4,60000.0
Dólares,Elixir,Soy independiente (Freelance),Remoto,6,6,4,4,0.0
Pesos,C#,Colombiana con mercado extranjero,Remoto,7,7,1,4,119911200.0
Pesos,C#,Colombiana con mercado extranjero,Remoto,7,7,2,4,98000000.0
Pesos,Javascript,Colombiana con mercado nacional,Remoto,4,4,3,5,38400000.0
Pesos,Python,Extranjera,Remoto,2,2,3,4,60000000.0
Pesos,Python,Colombiana con mercado extranjero,Remoto,17,17,3,4,190000000.0
Pesos,Javascript,Colombiana con mercado extranjero,Remoto,17,17,2,5,12000000.0
Pesos,Kotlin,Colombiana con mercado extranjero,Híbrido,10,10,1,4,24000000.0
Dólares,C#,Soy independiente (Freelance),Remoto,6,6,4,5,85000.0
Pesos,C#,Colombiana con mercado nacional,Híbrido,4,4,2,4,82000000.0
Pesos,Typescript,Colombiana con mercado nacional,Híbrido,2,2,2,4,24350000.0
Dólares,Otro lenguaje de programación,Extranjera,Remoto,3,3,2,1,21240.0
Pesos,Python,Extranjera,Remoto,8,8,3,4,204000000.0
Pesos,Typescript,Colombiana con mercado extranjero,Remoto,3,3,2,4,53303699.0
Pesos,Python,Colombiana con mercado extranjero,Remoto,2,2,4,4,106800000.0
Pesos,Java,Extranjera,Remoto,4,4,4,4,57600000.0
Pesos,Java,Extranjera,Remoto,4,4,2,4,60000000.0
Pesos,Python,Extranjera,Remoto,6,6,4,5,228000000.0
Pesos,Javascript,Extranjera,Remoto,4,4,4,4,103600000.0
Pesos,Javascript,Extranjera,Remoto,10,10,2,4,182000000.0
Pesos,Python,Colombiana con mercado nacional,Remoto,5,5,4,4,150000000.0
Pesos,Swift/Objective C,Colombiana con mercado nacional,Remoto,5,5,2,5,140000000.0
Pesos,Go,Colombiana con mercado nacional,Remoto,4,4,4,1,15000000.0
Pesos,Typescript,Colombiana con mercado extranjero,Remoto,8,8,3,5,234000000.0
Pesos,Java,Colombiana con mercado extranjero,Remoto,4,4,2,4,75600000.0
Dólares,Javascript,Extranjera,Remoto,7,7,4,5,98820.0
Pesos,Typescript,Colombiana con mercado extranjero,Remoto,5,5,4,1,240000000.0
Pesos,C#,Extranjera,Remoto,10,10,2,5,75000000.0
Pesos,Otro lenguaje de programación,Extranjera,Remoto,16,16,4,4,23000000.0
Pesos,Javascript,Soy independiente (Freelance),Remoto,5,5,4,4,36000000.0
Pesos,Typescript,Colombiana con mercado extranjero,Remoto,1,1,3,4,63000000.0
Dólares,Javascript,Extranjera,Remoto,8,8,2,4,48000.0
Pesos,Swift/Objective C,Extranjera,Híbrido,11,11,4,4,600000000.0
Pesos,Javascript,Colombiana con mercado extranjero,Remoto,13,13,3,4,240000000.0
Dólares,Typescript,Extranjera,Remoto,4,4,3,1,45600.0
Pesos,Kotlin,Extranjera,Remoto,10,10,4,4,222000000.0
Pesos,Python,Colombiana con mercado extranjero,Remoto,11,11,4,4,390000000.0
Dólares,Scala,Extranjera,Remoto,12,12,4,4,180000.0
Dólares,C#,Extranjera,Remoto,10,10,3,4,90000.0
Dólares,Javascript,Extranjera,Remoto,8,8,4,4,65000.0
Pesos,Typescript,Colombiana con mercado extranjero,Remoto,2,2,2,4,89400000.0
Pesos,Ruby,Colombiana con mercado nacional,Remoto,12,12,1,4,126100000.0
Pesos,Java,Extranjera,Remoto,12,12,3,4,11000000.0
Pesos,Soy Manager,Colombiana con mercado extranjero,Remoto,12,12,3,5,15500000.0
Pesos,Soy Manager,Colombiana con mercado extranjero,Remoto,12,12,4,5,328000000.0
Dólares,Python,Extranjera,Remoto,5,5,1,4,28800.0
Dólares,Python,Extranjera,Remoto,7,7,4,4,65000.0
Dólares,Javascript,Extranjera,Remoto,10,10,3,4,65000.0
Dólares,Ruby,Extranjera,Remoto,15,15,3,4,7200.0
Dólares,Go,Extranjera,Remoto,10,10,3,4,96000.0
Pesos,Java,Colombiana con mercado nacional,Híbrido,5,5,1,4,150000000.0
Pesos,Typescript,Colombiana con mercado extranjero,Remoto,3,3,4,4,86000000.0
Pesos,Python,Extranjera,Remoto,9,9,3,5,330000000.0
Dólares,Python,Extranjera,Remoto,2,2,4,4,24000.0
Pesos,Java,Extranjera,Remoto,6,6,4,5,146400000.0
Pesos,C#,Colombiana con mercado extranjero,Remoto,6,6,3,5,39360000.0
Pesos,Python,Colombiana con mercado extranjero,Remoto,5,5,2,4,84000000.0
Pesos,Visual Basic,Colombiana con mercado nacional,Presencial,4,4,3,4,28800000.0
Pesos,Typescript,Colombiana con mercado nacional,Remoto,0,0,3,4,16800000.0
Pesos,Python,Colombiana con mercado extranjero,Remoto,2,2,3,4,96000000.0
Pesos,Javascript,Soy independiente (Freelance),Remoto,20,20,2,4,220000000.0
Pesos,Dart,Extranjera,Remoto,3,3,2,4,78000000.0
Pesos,Python,Colombiana con mercado nacional,Remoto,7,7,1,5,73000000.0
Dólares,Go,Extranjera,Remoto,5,5,1,4,37000.0
Pesos,Go,Extranjera,Híbrido,8,8,2,4,160000000.0
Pesos,PHP,Extranjera,Remoto,15,15,4,5,360000000.0
Pesos,Javascript,Extranjera,Remoto,5,5,4,5,91200000.0
Pesos,Java,Soy independiente (Freelance),Remoto,1,1,3,4,30000000.0
Pesos,PHP,Extranjera,Remoto,10,10,3,5,108000000.0
Pesos,Typescript,Colombiana con mercado nacional,Híbrido,3,3,2,4,0.0
Pesos,Java,Colombiana con mercado extranjero,Híbrido,19,19,1,4,155000000.0
Pesos,Java,Colombiana con mercado nacional,Híbrido,10,10,2,4,99444000.0
Dólares,Typescript,Extranjera,Remoto,15,15,4,4,72000.0
Pesos,Java,Colombiana con mercado nacional,Híbrido,10,10,3,4,180000000.0
Pesos,Java,Extranjera,Remoto,14,14,3,4,22000000.0
Pesos,C#,Extranjera,Remoto,3,3,3,4,0.0
Pesos,Java,Colombiana con mercado nacional,Remoto,20,20,0,5,10500000.0
Dólares,Typescript,Extranjera,Remoto,3,3,4,4,24000.0
Pesos,Python,Extranjera,Remoto,4,4,4,4,89000000.0
Pesos,Python,Extranjera,Híbrido,7,7,1,1,115000000.0
Pesos,Javascript,Extranjera,Remoto,12,12,3,4,264000000.0
Pesos,Javascript,Extranjera,Remoto,39,39,4,5,21000000.0
Pesos,Java,Colombiana con mercado extranjero,Remoto,5,5,3,4,113000000.0
Pesos,Soy Manager,Extranjera,Remoto,15,15,4,5,384900000.0
Pesos,Javascript,Colombiana con mercado extranjero,Remoto,12,12,4,4,350000000.0
Pesos,Javascript,Colombiana con mercado nacional,Remoto,1,1,4,4,45000000.0
Pesos,Javascript,Extranjera,Remoto,7,7,3,4,246000000.0
Pesos,Elixir,Colombiana con mercado nacional,Remoto,20,20,1,5,288000000.0
Pesos,PHP,Colombiana con mercado extranjero,Híbrido,13,13,3,4,276000000.0
Pesos,Otro lenguaje de programación,Colombiana con mercado extranjero,Remoto,9,9,3,5,232000000.0
Pesos,SQL,Extranjera,Remoto,0,0,2,5,40000000.0
Dólares,Java,Extranjera,Remoto,13,13,3,4,70770.0
Pesos,Elixir,Colombiana con mercado nacional,Remoto,9,9,4,4,290000000.0
Pesos,Typescript,Extranjera,Remoto,5,5,0,5,70000000.0
Dólares,Javascript,Extranjera,Remoto,8,8,4,4,72000.0
Pesos,Soy Manager,Colombiana con mercado extranjero,Remoto,10,10,4,4,600000000.0
Dólares,Ruby,Extranjera,Remoto,14,14,4,5,115200.0
Pesos,C#,Colombiana con mercado extranjero,Remoto,20,20,3,5,222000000.0
Pesos,Typescript,Colombiana con mercado nacional,Remoto,10,10,4,4,283200000.0
Dólares,Go,Extranjera,Remoto,12,12,4,4,182000.0
Pesos,Python,Colombiana con mercado extranjero,Híbrido,5,5,4,5,100000000.0
Pesos,C#,Extranjera,Remoto,14,14,3,5,12000000.0
Pesos,Javascript,Extranjera,Remoto,10,10,1,4,140000000.0
Pesos,C#,Colombiana con mercado extranjero,Remoto,8,8,4,1,180000000.0
Pesos,Ruby,Colombiana con mercado extranjero,Remoto,12,12,4,5,180000000.0
Pesos,Python,Extranjera,Remoto,5,5,4,4,240000000.0
Dólares,Javascript,Extranjera,Remoto,8,8,4,4,100000.0
Pesos,C++,Colombiana con mercado extranjero,Remoto,6,6,4,5,130000000.0
Pesos,Javascript,Colombiana con mercado extranjero,Remoto,10,10,3,1,134000000.0
Dólares,PHP,Extranjera,Remoto,19,19,3,1,66000.0
Pesos,Java,Extranjera,Remoto,8,8,4,5,210000000.0
Pesos,Python,Colombiana con mercado extranjero,Remoto,10,10,3,4,226800000.0
Dólares,Typescript,Extranjera,Remoto,6,6,4,4,66046.0
Pesos,Java,Extranjera,Híbrido,1,1,1,4,84000000.0
Pesos,Python,Colombiana con mercado extranjero,Remoto,8,8,4,4,15000000.0
Pesos,Typescript,Extranjera,Remoto,3,3,4,1,194000000.0
Dólares,Python,Extranjera,Remoto,9,9,4,4,240000.0
Pesos,Typescript,Colombiana con mercado nacional,Presencial,3,3,3,1,54000000.0
Dólares,Elixir,Extranjera,Remoto,18,18,4,5,11300.0
Dólares,Typescript,Extranjera,Remoto,8,8,4,5,42000.0
Pesos,Java,Colombiana con mercado extranjero,Híbrido,8,8,4,5,150000000.0
Pesos,PHP,Colombiana con mercado nacional,Remoto,3,3,3,4,70000000.0
Dólares,Typescript,Extranjera,Remoto,5,5,3,4,49200.0
Dólares,Typescript,Extranjera,Remoto,4,4,2,4,12000.0
Dólares,Typescript,Extranjera,Remoto,6,6,4,4,49500.0
Pesos,Java,Extranjera,Remoto,9,9,3,5,160000000.0
Pesos,Python,Colombiana con mercado nacional,Híbrido,2,2,2,1,54000000.0
Pesos,PHP,Soy independiente (Freelance),Remoto,6,6,4,5,145000000.0
Pesos,Ruby,Extranjera,Remoto,15,15,4,4,192000000.0
Pesos,Typescript,Colombiana con mercado extranjero,Remoto,10,10,2,4,16000000.0
Pesos,Javascript,Colombiana con mercado nacional,Remoto,4,4,2,1,105140000.0
Pesos,Python,Colombiana con mercado nacional,Híbrido,3,3,3,4,139000000.0
Pesos,Kotlin,Extranjera,Remoto,4,4,4,5,67000000.0
Dólares,Typescript,Extranjera,Remoto,5,5,4,4,70550.0
Pesos,Java,Extranjera,Remoto,13,13,3,5,215576400.0
Pesos,Swift/Objective C,Extranjera,Remoto,13,13,4,4,271000000.0
Pesos,Javascript,Extranjera,Remoto,11,11,1,4,109000000.0
Pesos,Typescript,Extranjera,Remoto,3,3,2,4,91000000.0
Pesos,Soy Manager,Colombiana con mercado nacional,Remoto,20,20,4,5,150000000.0
Pesos,Javascript,Colombiana con mercado extranjero,Remoto,7,7,3,4,140000000.0
Dólares,Typescript,Extranjera,Remoto,7,7,4,4,48960.0
Dólares,Javascript,Extranjera,Remoto,11,11,4,5,96000.0
Pesos,Javascript,Colombiana con mercado nacional,Remoto,3,3,4,4,42000000.0
Dólares,Javascript,Extranjera,Remoto,10,10,4,1,90000.0
Pesos,Typescript,Colombiana con mercado extranjero,Remoto,3,3,3,1,31000000.0
Dólares,Javascript,Extranjera,Remoto,7,7,4,4,50400.0
Pesos,Javascript,Colombiana con mercado extranjero,Presencial,4,4,0,1,27700000.0
Dólares,Javascript,Extranjera,Remoto,5,5,1,4,0.0
Pesos,Javascript,Extranjera,Remoto,15,15,2,4,0.0
Pesos,Typescript,Colombiana con mercado extranjero,Remoto,6,6,4,4,95700000.0
Pesos,Dart,Extranjera,Remoto,4,4,4,4,90000000.0
Pesos,Python,Colombiana con mercado extranjero,Remoto,3,3,3,4,52000000.0
Pesos,Python,Extranjera,Remoto,8,8,4,5,275000000.0
Pesos,Kotlin,Colombiana con mercado extranjero,Remoto,5,5,2,1,133000000.0
Pesos,Python,Colombiana con mercado extranjero,Remoto,1,1,2,4,58900000.0
Pesos,Dart,Colombiana con mercado extranjero,Remoto,8,8,3,5,125000000.0
Pesos,Javascript,Soy independiente (Freelance),Remoto,7,7,2,4,38000000.0
Pesos,Java,Colombiana con mercado extranjero,Remoto,6,6,3,4,110000000.0
Pesos,PHP,Colombiana con mercado nacional,Híbrido,2,2,3,1,45000000.0
Pesos,Typescript,Colombiana con mercado nacional,Remoto,3,3,3,4,24000000.0
Pesos,Javascript,Extranjera,Remoto,7,7,2,4,162924000.0
Dólares,C#,Colombiana con mercado nacional,Remoto,20,20,4,1,8000.0
Pesos,Javascript,Colombiana con mercado nacional,Remoto,10,10,2,1,101400000.0
Dólares,Typescript,Extranjera,Remoto,9,9,2,4,108000.0
Dólares,Ruby,Extranjera,Remoto,6,6,4,4,120000.0
Pesos,Kotlin,Extranjera,Remoto,8,8,4,5,18505500.0
Pesos,Otro lenguaje de programación,Colombiana con mercado extranjero,Remoto,4,4,3,4,109200000.0
Pesos,Javascript,Colombiana con mercado nacional,Remoto,3,3,4,1,18000000.0
Dólares,Java,Extranjera,Remoto,8,8,3,4,10000.0
Pesos,Otro lenguaje de programación,Colombiana con mercado extranjero,Híbrido,1,1,2,1,13500000.0
Dólares,Go,Extranjera,Remoto,8,8,3,1,50000.0
Pesos,Python,Colombiana con mercado extranjero,Remoto,10,10,3,4,230000000.0
Pesos,Soy Manager,Extranjera,Remoto,4,4,1,4,78000000.0
Dólares,Javascript,Extranjera,Remoto,5,5,3,4,39000.0
Pesos,C#,Extranjera,Remoto,17,17,2,4,147495120.0
Dólares,Go,Extranjera,Remoto,8,8,3,5,50000.0
Pesos,Python,Colombiana con mercado nacional,Presencial,5,5,2,1,40000000.0
Dólares,Ruby,Extranjera,Remoto,1,1,0,1,0.0
Pesos,Python,Colombiana con mercado nacional,Remoto,9,9,3,4,232000000.0
Pesos,Otro lenguaje de programación,Extranjera,Remoto,4,4,3,4,123244000.0
Dólares,Python,Extranjera,Híbrido,13,13,3,5,75000.0
Pesos,Go,Colombiana con mercado extranjero,Remoto,4,4,3,4,147000000.0
Pesos,PHP,Colombiana con mercado nacional,Remoto,3,3,2,1,30000000.0
Dólares,Typescript,Extranjera,Remoto,3,3,4,4,15600.0
Pesos,Java,Colombiana con mercado extranjero,Remoto,10,10,2,4,290000000.0
Pesos,Elixir,Colombiana con mercado nacional,Híbrido,9,9,3,4,250000000.0
Dólares,Python,Colombiana con mercado nacional,Remoto,6,6,2,4,42000.0
Pesos,Python,Extranjera,Remoto,4,4,2,5,170000000.0
Pesos,Python,Extranjera,Híbrido,4,4,3,4,93600000.0
Dólares,PHP,Colombiana con mercado extranjero,Remoto,8,8,3,4,48000.0
Dólares,Python,Extranjera,Remoto,5,5,4,4,85000.0
Pesos,Typescript,Colombiana con mercado nacional,Remoto,3,3,4,1,78000000.0
Dólares,Python,Soy independiente (Freelance),Remoto,3,3,3,1,16800.0
Pesos,Python,Colombiana con mercado nacional,Remoto,4,4,3,4,140000000.0
Pesos,Soy Manager,Colombiana con mercado extranjero,Híbrido,5,5,3,5,112000000.0
Pesos,Typescript,Colombiana con mercado nacional,Híbrido,3,3,3,4,96000000.0
Pesos,Otro lenguaje de programación,Extranjera,Remoto,0,0,3,1,72000000.0
Pesos,Java,Extranjera,Remoto,12,12,2,4,12000000.0
Pesos,PHP,Colombiana con mercado nacional,Presencial,1,1,1,1,50000000.0
Pesos,Javascript,Colombiana con mercado nacional,Remoto,5,5,2,4,235000000.0
Pesos,Java,Extranjera,Remoto,9,9,3,5,240000000.0
Pesos,C#,Extranjera,Remoto,17,17,3,1,196000000.0
Pesos,Go,Extranjera,Híbrido,8,8,0,4,228000000.0
Pesos,Go,Extranjera,Remoto,5,5,0,4,106000000.0
Pesos,Javascript,Colombiana con mercado extranjero,Remoto,7,7,3,4,226800000.0
Pesos,Python,Colombiana con mercado extranjero,Híbrido,3,3,3,5,147751387.2
Pesos,Python,Extranjera,Remoto,7,7,3,4,32000000.0
Pesos,Javascript,Extranjera,Remoto,3,3,4,1,164000000.0
Pesos,Soy Manager,Colombiana con mercado nacional,Remoto,13,13,3,5,96000000.0
Pesos,C#,Colombiana con mercado extranjero,Remoto,12,12,1,5,156000000.0
Pesos,Python,Colombiana con mercado nacional,Remoto,3,3,4,4,69966000.0
Dólares,Ruby,Extranjera,Remoto,14,14,4,5,98000.0
Pesos,Dart,Colombiana con mercado nacional,Híbrido,9,9,3,4,287500000.0
Pesos,Typescript,Colombiana con mercado extranjero,Híbrido,12,12,3,4,350600000.0
Pesos,Java,Extranjera,Remoto,10,10,4,1,400000000.0
Dólares,Javascript,Extranjera,Remoto,7,7,3,4,64400.0
Pesos,Typescript,Colombiana con mercado nacional,Presencial,0,0,4,4,36000000.0
Pesos,Python,Extranjera,Remoto,3,3,4,4,110000000.0
Dólares,Typescript,Extranjera,Remoto,8,8,4,5,11666.0
Pesos,Java,Colombiana con mercado nacional,Remoto,13,13,3,4,128700000.0
Pesos,Javascript,Extranjera,Remoto,6,6,3,5,145000000.0
Dólares,Javascript,Extranjera,Remoto,2,2,4,4,16000.0
Dólares,Javascript,Extranjera,Híbrido,8,8,3,4,70000.0
Dólares,Typescript,Extranjera,Remoto,8,8,3,4,72000.0
Dólares,Typescript,Extranjera,Remoto,1,1,3,4,6500.0
Pesos,Javascript,Colombiana con mercado nacional,Remoto,25,25,0,5,110000000.0
Pesos,Java,Colombiana con mercado nacional,Remoto,8,8,3,4,20000000.0
Dólares,Dart,Extranjera,Remoto,10,10,3,4,84000.0
Pesos,Typescript,Extranjera,Remoto,4,4,2,1,103000000.0
Pesos,Typescript,Colombiana con mercado extranjero,Remoto,2,2,3,1,71000000.0
Pesos,Python,Colombiana con mercado extranjero,Híbrido,18,18,3,4,236000000.0
Pesos,Javascript,Extranjera,Remoto,12,12,3,4,104000000.0
Dólares,Typescript,Extranjera,Remoto,7,7,3,4,78000.0
Dólares,Typescript,Colombiana con mercado nacional,Remoto,4,4,3,1,48000.0
Pesos,Typescript,Colombiana con mercado extranjero,Remoto,20,20,4,5,306000000.0
Pesos,PHP,Colombiana con mercado nacional,Remoto,3,3,1,1,37800000.0
Dólares,Python,Colombiana con mercado extranjero,Híbrido,23,23,3,5,52000.0
Dólares,Javascript,Extranjera,Remoto,5,5,2,5,38400.0
Dólares,C#,Extranjera,Remoto,13,13,0,5,57430.0
Dólares,Dart,Extranjera,Remoto,4,4,4,4,110000.0
Dólares,Typescript,Extranjera,Remoto,3,3,3,1,42000.0
Dólares,Swift/Objective C,Extranjera,Remoto,3,3,1,1,36000.0
Pesos,Python,Extranjera,Híbrido,1,1,4,4,50300000.0
Dólares,Typescript,Extranjera,Remoto,3,3,3,5,0.0
Pesos,Javascript,Colombiana con mercado extranjero,Remoto,4,4,3,4,145000000.0
Pesos,Typescript,Colombiana con mercado extranjero,Remoto,4,4,2,4,54000000.0
Pesos,Python,Colombiana con mercado nacional,Híbrido,3,3,2,4,52000000.0
Pesos,Kotlin,Colombiana con mercado extranjero,Remoto,11,11,3,5,22000000.0
Pesos,Java,Colombiana con mercado extranjero,Remoto,3,3,4,1,105000000.0
Pesos,Javascript,Colombiana con mercado nacional,Remoto,15,15,2,5,91000000.0
Pesos,Python,Colombiana con mercado nacional,Híbrido,3,3,4,4,84000000.0
Pesos,C#,Colombiana con mercado nacional,Remoto,10,10,2,4,78000000.0
Dólares,C#,Extranjera,Remoto,9,9,2,1,0.0
Pesos,Typescript,Colombiana con mercado extranjero,Remoto,5,5,0,1,60000000.0
Pesos,Javascript,Colombiana con mercado nacional,Remoto,2,2,3,5,57000000.0
Pesos,Java,Colombiana con mercado nacional,Remoto,6,6,1,5,10500000.0
Pesos,Typescript,Extranjera,Híbrido,3,3,4,4,134200000.0
Dólares,Javascript,Extranjera,Remoto,4,4,4,5,40000.0
Pesos,SQL,Colombiana con mercado extranjero,Remoto,4,4,2,4,20000000.0
Pesos,Javascript,Soy independiente (Freelance),Híbrido,15,15,4,5,80000000.0
Pesos,ABAP,Extranjera,Remoto,8,8,2,4,133000000.0
Pesos,Java,Colombiana con mercado nacional,Remoto,6,6,1,4,126000000.0
Pesos,C#,Colombiana con mercado extranjero,Remoto,10,10,3,4,169000000.0
Pesos,Scala,Extranjera,Híbrido,2,2,4,1,110000000.0
Dólares,Java,Colombiana con mercado nacional,Remoto,7,7,2,5,50000.0
Pesos,Python,Extranjera,Remoto,10,10,3,1,165000000.0
Dólares,Javascript,Extranjera,Remoto,8,8,4,1,60500.0
Pesos,Typescript,Colombiana con mercado nacional,Remoto,8,8,1,1,48000000.0
Dólares,Python,Extranjera,Remoto,15,15,4,4,99000.0
Pesos,Ruby,Colombiana con mercado extranjero,Remoto,15,15,4,4,229500000.0
Dólares,Typescript,Extranjera,Remoto,12,12,3,1,90000.0
Dólares,Kotlin,Soy independiente (Freelance),Remoto,8,8,4,4,0.0
Pesos,C#,Colombiana con mercado extranjero,Híbrido,6,6,3,4,74800000.0
Pesos,Javascript,Extranjera,Híbrido,10,10,1,5,231636000.0
Pesos,Go,Extranjera,Remoto,4,4,4,1,120000000.0
Pesos,Typescript,Colombiana con mercado nacional,Presencial,3,3,0,4,39216000.0
Dólares,Typescript,Extranjera,Remoto,12,12,4,5,170000.0
Pesos,Javascript,Colombiana con mercado extranjero,Remoto,5,5,4,4,50400000.0
Pesos,C#,Colombiana con mercado extranjero,Remoto,8,8,3,5,222066000.0
Pesos,Python,Colombiana con mercado extranjero,Remoto,8,8,2,5,150000000.0
Pesos,Java,Colombiana con mercado extranjero,Híbrido,1,1,2,1,49000000.0
Pesos,Javascript,Colombiana con mercado extranjero,Remoto,6,6,3,4,60000000.0
Pesos,Javascript,Colombiana con mercado nacional,Remoto,2,2,1,1,0.0
Pesos,Python,Extranjera,Híbrido,10,10,4,5,460000000.0
Pesos,Javascript,Colombiana con mercado extranjero,Remoto,2,2,3,4,111000000.0
Pesos,Python,Extranjera,Remoto,7,7,4,4,12000000.0
Pesos,C#,Colombiana con mercado extranjero,Remoto,2,2,3,1,50000000.0
Pesos,Javascript,Colombiana con mercado extranjero,Remoto,7,7,1,4,60500000.0
Pesos,Javascript,Colombiana con mercado nacional,Remoto,4,4,2,4,95000000.0
Pesos,C#,Extranjera,Híbrido,2,2,1,4,35868800.0
Pesos,Typescript,Colombiana con mercado extranjero,Remoto,13,13,0,1,18000000.0
Pesos,Javascript,Colombiana con mercado extranjero,Híbrido,8,8,4,4,45000000.0
Dólares,Typescript,Extranjera,Remoto,7,7,3,4,36000.0
Pesos,Typescript,Soy independiente (Freelance),Remoto,8,8,2,4,96000000.0
Pesos,Javascript,Colombiana con mercado nacional,Presencial,7,7,0,4,90000000.0
Pesos,Typescript,Colombiana con mercado nacional,Remoto,4,4,2,5,78000000.0
Dólares,Ruby,Extranjera,Remoto,10,10,4,1,52800.0
Pesos,Typescript,Colombiana con mercado extranjero,Remoto,7,7,4,4,190000000.0
Pesos,Soy Manager,Colombiana con mercado extranjero,Remoto,3,3,4,4,82000000.0
Pesos,Javascript,Extranjera,Remoto,5,5,2,1,52000000.0
Pesos,Javascript,Colombiana con mercado extranjero,Remoto,0,0,3,1,36000000.0
Pesos,Typescript,Extranjera,Híbrido,1,1,2,1,38350000.0
Pesos,Go,Extranjera,Híbrido,2,2,1,1,108000000.0
Pesos,Javascript,Colombiana con mercado extranjero,Remoto,2,2,1,4,98000000.0
Pesos,Javascript,Colombiana con mercado extranjero,Híbrido,12,12,4,1,260000000.0
Dólares,Javascript,Colombiana con mercado nacional,Remoto,8,8,2,1,35000.0
Dólares,Typescript,Extranjera,Remoto,5,5,1,1,36000.0
Dólares,Javascript,Soy independiente (Freelance),Remoto,12,12,4,4,150000.0
Pesos,Ruby,Extranjera,Remoto,7,7,3,5,192000000.0
Pesos,Javascript,Colombiana con mercado nacional,Remoto,8,8,3,1,200000000.0
Pesos,Python,Extranjera,Remoto,23,23,3,5,21300000.0
Pesos,C#,Colombiana con mercado extranjero,Remoto,13,13,2,1,145000000.0
Pesos,Java,Colombiana con mercado nacional,Híbrido,1,1,1,1,30000000.0
Dólares,Swift/Objective C,Colombiana con mercado extranjero,Remoto,7,7,4,4,30000.0
Pesos,Javascript,Colombiana con mercado nacional,Híbrido,2,2,3,4,15000000.0
Pesos,Javascript,Colombiana con mercado nacional,Híbrido,2,2,2,4,48000000.0
Dólares,Ruby,Extranjera,Remoto,15,15,3,4,66000.0
Pesos,PHP,Colombiana con mercado extranjero,Remoto,5,5,2,4,108300000.0
Pesos,PHP,Colombiana con mercado extranjero,Presencial,2,2,1,1,21792144.0
Pesos,Javascript,Colombiana con mercado extranjero,Remoto,11,11,3,4,180000000.0
Dólares,Elixir,Extranjera,Remoto,4,4,4,4,63600.0
Dólares,Typescript,Extranjera,Remoto,7,7,3,4,62000.0
Pesos,Typescript,Colombiana con mercado nacional,Presencial,1,1,2,1,37872000.0
Dólares,C#,Extranjera,Remoto,3,3,2,4,37560.0
Dólares,C#,Extranjera,Remoto,12,12,2,4,88000.0
Pesos,Javascript,Colombiana con mercado nacional,Remoto,5,5,1,1,50000000.0
Pesos,Java,Extranjera,Remoto,10,10,2,4,190000000.0
Dólares,Soy Manager,Extranjera,Remoto,18,18,2,4,54000.0
Pesos,Swift/Objective C,Extranjera,Remoto,7,7,4,4,400000000.0
Pesos,Python,Extranjera,Remoto,6,6,4,5,334000000.0
Pesos,Javascript,Extranjera,Híbrido,5,5,3,4,135200000.0
Pesos,Python,Colombiana con mercado extranjero,Remoto,5,5,4,5,180000000.0
Pesos,Java,Colombiana con mercado extranjero,Remoto,10,10,2,1,97200000.0
Pesos,Javascript,Colombiana con mercado extranjero,Híbrido,3,3,2,5,70000000.0
Dólares,Kotlin,Extranjera,Remoto,15,15,3,4,0.0
Pesos,Javascript,Colombiana con mercado nacional,Remoto,3,3,3,4,120000000.0
Pesos,Java,Colombiana con mercado extranjero,Remoto,6,6,3,5,200000000.0
Pesos,Javascript,Colombiana con mercado extranjero,Remoto,4,4,4,4,110000000.0
Pesos,C++,Extranjera,Híbrido,10,10,4,5,26500000.0
Pesos,Python,Colombiana con mercado nacional,Remoto,5,5,1,4,84000000.0
Pesos,Go,Extranjera,Remoto,7,7,2,4,200800000.0
Pesos,C#,Colombiana con mercado extranjero,Híbrido,7,7,3,4,170000000.0
Dólares,Typescript,Extranjera,Remoto,5,5,4,4,52000.0
Pesos,Java,Colombiana con mercado extranjero,Remoto,7,7,3,4,108600000.0
Pesos,Python,Colombiana con mercado nacional,Remoto,7,7,3,5,200000000.0
Pesos,Javascript,Extranjera,Remoto,8,8,4,4,390000000.0
Pesos,Dart,Extranjera,Remoto,5,5,1,4,175000000.0
Pesos,Javascript,Extranjera,Remoto,10,10,4,4,132000000.0
Dólares,Typescript,Extranjera,Remoto,13,13,4,1,110000.0
Dólares,Go,Extranjera,Remoto,4,4,3,1,36000.0
Dólares,Python,Extranjera,Remoto,6,6,4,4,75000.0
Pesos,Javascript,Colombiana con mercado nacional,Presencial,2,2,2,4,42000000.0
Pesos,Typescript,Extranjera,Remoto,2,2,3,4,78000000.0
Pesos,Javascript,Colombiana con mercado nacional,Presencial,0,0,0,1,19220000.0
Pesos,Java,Extranjera,Remoto,10,10,1,5,260000000.0
Pesos,Java,Colombiana con mercado nacional,Remoto,12,12,2,5,191000000.0
Pesos,Typescript,Extranjera,Remoto,14,14,4,4,636400000.0
Pesos,Typescript,Extranjera,Remoto,12,12,3,4,235000000.0
Dólares,Javascript,Extranjera,Remoto,6,6,4,1,30000.0
Pesos,Kotlin,Colombiana con mercado extranjero,Remoto,9,9,3,1,204000000.0
Pesos,Typescript,Colombiana con mercado extranjero,Remoto,9,9,1,4,252000000.0
Pesos,Typescript,Extranjera,Remoto,4,4,2,4,219000000.0
Dólares,Javascript,Extranjera,Remoto,8,8,4,4,80000.0
Pesos,Javascript,Colombiana con mercado extranjero,Remoto,5,5,4,5,110000000.0
Pesos,Soy Manager,Colombiana con mercado extranjero,Híbrido,16,16,2,5,0.0
Pesos,Javascript,Extranjera,Remoto,4,4,4,5,109200000.0
Pesos,C#,Colombiana con mercado extranjero,Remoto,2,2,4,4,58000000.0
Pesos,Javascript,Colombiana con mercado extranjero,Remoto,2,2,4,4,48000000.0
Pesos,Javascript,Extranjera,Híbrido,12,12,4,1,95000000.0
Pesos,PHP,Colombiana con mercado nacional,Remoto,15,15,3,5,98000000.0
Dólares,Javascript,Extranjera,Remoto,2,2,3,1,23400.0
Pesos,Java,Extranjera,Híbrido,4,4,4,4,120000000.0
Pesos,Java,Colombiana con mercado extranjero,Remoto,2,2,3,1,100000000.0
Pesos,Javascript,Colombiana con mercado nacional,Híbrido,2,2,2,4,30000000.0
Pesos,Java,Colombiana con mercado nacional,Remoto,17,17,4,5,260000000.0
Pesos,Typescript,Extranjera,Remoto,6,6,3,4,205000000.0
Pesos,Javascript,Colombiana con mercado nacional,Remoto,8,8,2,4,82000000.0
Dólares,Javascript,Extranjera,Remoto,9,9,3,4,56700.0
Dólares,Javascript,Extranjera,Remoto,9,9,2,4,44400.0
Pesos,Typescript,Colombiana con mercado nacional,Remoto,3,3,0,1,100000000.0
Pesos,Javascript,Extranjera,Remoto,7,7,4,4,228000000.0
Pesos,Kotlin,Extranjera,Híbrido,15,15,3,4,418000000.0
Pesos,C#,Colombiana con mercado extranjero,Remoto,22,22,2,1,22000000.0
Pesos,Java,Colombiana con mercado extranjero,Remoto,18,18,3,1,280000000.0
Pesos,Go,Extranjera,Híbrido,13,13,4,5,374000000.0
Dólares,C++,Soy independiente (Freelance),Remoto,10,10,2,1,87000.0
Pesos,C#,Colombiana con mercado extranjero,Híbrido,3,3,2,4,53000000.0
Pesos,Javascript,Colombiana con mercado extranjero,Remoto,9,9,3,1,300000000.0
Pesos,Ruby,Extranjera,Híbrido,15,15,4,4,204000000.0
Dólares,Typescript,Extranjera,Remoto,6,6,2,4,84000.0
Dólares,Python,Extranjera,Remoto,10,10,4,4,94000.0
Pesos,Java,Colombiana con mercado nacional,Remoto,5,5,3,4,66000000.0
Pesos,C#,Colombiana con mercado extranjero,Remoto,15,15,3,1,132000000.0
Dólares,Typescript,Extranjera,Remoto,10,10,4,4,144000.0
Dólares,PHP,Extranjera,Remoto,11,11,3,4,60000.0
Dólares,Typescript,Soy independiente (Freelance),Remoto,15,15,2,4,48000.0
Pesos,Otro lenguaje de programación,Extranjera,Híbrido,10,10,3,4,240000000.0
Pesos,Javascript,Colombiana con mercado extranjero,Híbrido,8,8,2,4,30000000.0
Pesos,Java,Colombiana con mercado extranjero,Remoto,10,10,1,1,139480000.0
Pesos,Python,Extranjera,Híbrido,28,28,4,5,800000000.0
Dólares,Javascript,Extranjera,Remoto,6,6,4,5,85200.0
Pesos,Ruby,Colombiana con mercado nacional,Remoto,4,4,2,4,266000000.0
Pesos,Java,Colombiana con mercado nacional,Remoto,3,3,2,4,48000000.0
Dólares,Python,Extranjera,Remoto,20,20,4,5,135000.0
Pesos,Javascript,Colombiana con mercado extranjero,Remoto,10,10,2,1,96000000.0
Dólares,Javascript,Soy independiente (Freelance),Remoto,10,10,3,4,107640.0
Pesos,SQL,Colombiana con mercado extranjero,Presencial,3,3,2,1,31000000.0
Pesos,Ruby,Colombiana con mercado nacional,Remoto,10,10,4,5,500000000.0
Dólares,Javascript,Extranjera,Remoto,3,3,4,4,0.0
Pesos,Python,Colombiana con mercado nacional,Presencial,10,10,2,5,64000000.0
Pesos,Javascript,Colombiana con mercado extranjero,Híbrido,7,7,1,4,137570000.0
Pesos,Go,Colombiana con mercado nacional,Híbrido,3,3,2,5,103896000.0
Pesos,Otro lenguaje de programación,Extranjera,Híbrido,0,0,3,4,54000000.0
Pesos,Typescript,Colombiana con mercado nacional,Remoto,3,3,4,4,67200000.0
Pesos,Javascript,Colombiana con mercado extranjero,Remoto,3,3,1,1,0.0
Dólares,Ruby,Extranjera,Remoto,3,3,1,1,20009.0
Pesos,Javascript,Colombiana con mercado nacional,Remoto,4,4,3,4,65000000.0
Pesos,Python,Extranjera,Remoto,3,3,3,4,158480000.0
Pesos,Python,Extranjera,Remoto,5,5,4,4,216000000.0
Pesos,SQL,Extranjera,Remoto,4,4,4,4,145600000.0
Pesos,C#,Extranjera,Remoto,14,14,3,4,287600000.0
Pesos,Javascript,Extranjera,Remoto,15,15,4,5,546782500.0
Pesos,Typescript,Colombiana con mercado extranjero,Remoto,8,8,3,1,336000000.0
Dólares,Go,Extranjera,Remoto,8,8,4,4,100000.0
Pesos,Typescript,Extranjera,Remoto,15,15,3,4,260000000.0
Dólares,PHP,Extranjera,Remoto,8,8,3,1,65000.0
Dólares,Javascript,Extranjera,Remoto,2,2,4,4,24000.0
Pesos,Javascript,Colombiana con mercado nacional,Presencial,3,3,3,1,28493806.0
Dólares,Typescript,Extranjera,Presencial,3,3,4,4,70000.0
Pesos,Java,Extranjera,Híbrido,10,10,2,4,252000000.0
Pesos,Java,Soy independiente (Freelance),Remoto,20,20,2,5,240000000.0
Dólares,Kotlin,Extranjera,Remoto,4,4,2,4,21600.0
Pesos,PHP,Colombiana con mercado extranjero,Remoto,8,8,1,4,74360000.0
Pesos,Kotlin,Colombiana con mercado nacional,Híbrido,8,8,1,4,56100000.0
Dólares,Kotlin,Extranjera,Remoto,8,8,2,4,35000.0
Dólares,Otro lenguaje de programación,Extranjera,Remoto,11,11,4,4,105000.0
Dólares,Javascript,Extranjera,Remoto,7,7,2,4,60000.0
Pesos,SQL,Colombiana con mercado extranjero,Remoto,11,11,3,5,26000000.0
Pesos,Ruby,Colombiana con mercado extranjero,Remoto,8,8,3,4,192000000.0
Pesos,Python,Extranjera,Híbrido,7,7,0,1,170000000.0
Dólares,Typescript,Soy independiente (Freelance),Remoto,2,2,2,1,10800.0
Pesos,Typescript,Colombiana con mercado nacional,Remoto,5,5,3,4,42000000.0
Pesos,Typescript,Colombiana con mercado extranjero,Remoto,3,3,1,5,36545000.0
Pesos,Java,Colombiana con mercado nacional,Remoto,12,12,2,4,11000000.0
Pesos,Javascript,Colombiana con mercado extranjero,Remoto,4,4,3,4,0.0
Pesos,Typescript,Extranjera,Remoto,13,13,3,5,222060000.0
Pesos,Java,Colombiana con mercado nacional,Remoto,4,4,0,4,91000000.0
Pesos,Javascript,Extranjera,Remoto,10,10,2,4,70000000.0
Dólares,Javascript,Extranjera,Remoto,5,5,2,4,40000.0
Dólares,Soy Manager,Extranjera,Híbrido,2,2,4,1,35000.0
Pesos,Dart,Soy independiente (Freelance),Remoto,2,2,0,1,0.0
Dólares,C#,Extranjera,Remoto,12,12,4,4,76368.0
Pesos,Python,Extranjera,Híbrido,13,13,2,1,182000000.0
Pesos,Javascript,Colombiana con mercado nacional,Remoto,3,3,3,1,35000000.0
Dólares,Java,Extranjera,Remoto,9,9,3,4,72000.0
Pesos,Typescript,Extranjera,Remoto,7,7,4,5,547272000.0
Dólares,Java,Extranjera,Remoto,8,8,4,4,79200.0
Pesos,Swift/Objective C,Colombiana con mercado extranjero,Remoto,8,8,4,4,22000000.0
Pesos,Python,Colombiana con mercado nacional,Remoto,3,3,2,4,145000000.0
Dólares,PHP,Extranjera,Remoto,10,10,4,4,65000.0
Dólares,Python,Extranjera,Remoto,7,7,4,5,105000.0
Pesos,Swift/Objective C,Extranjera,Remoto,8,8,4,4,246571500.0
Pesos,Go,Colombiana con mercado nacional,Remoto,3,3,2,5,200000000.0
Pesos,Java,Colombiana con mercado nacional,Remoto,3,3,2,4,54990000.0
Dólares,Javascript,Extranjera,Remoto,6,6,3,4,35000.0
Pesos,Python,Colombiana con mercado nacional,Remoto,4,4,1,1,96000000.0
Pesos,Javascript,Colombiana con mercado nacional,Remoto,6,6,2,1,70000000.0
Pesos,Go,Colombiana con mercado nacional,Remoto,3,3,2,4,100000000.0
Pesos,Javascript,Extranjera,Remoto,14,14,1,4,220000000.0
Dólares,Ruby,Extranjera,Remoto,41,41,3,4,5000.0
Pesos,Ruby,Extranjera,Remoto,5,5,2,5,165000000.0
Pesos,Ruby,Extranjera,Híbrido,20,20,4,4,244800000.0
Pesos,Ruby,Extranjera,Híbrido,4,4,4,4,84000000.0
Dólares,Ruby,Extranjera,Híbrido,6,6,4,1,87000.0
Dólares,Rust,Extranjera,Remoto,21,21,4,4,72000.0
Pesos,Java,Colombiana con mercado extranjero,Remoto,4,4,2,1,135000000.0
Pesos,Java,Colombiana con mercado extranjero,Remoto,10,10,3,5,180000000.0
Dólares,Typescript,Extranjera,Remoto,12,12,4,4,150000.0
Pesos,Typescript,Colombiana con mercado extranjero,Remoto,6,6,2,5,100000000.0
Pesos,C#,Extranjera,Remoto,4,4,3,4,139000000.0
Dólares,Javascript,Extranjera,Remoto,10,10,3,4,84000.0
Pesos,Ruby,Extranjera,Remoto,5,5,4,4,175500000.0
Pesos,Javascript,Colombiana con mercado extranjero,Remoto,13,13,4,4,294000000.0
