currency,main-programming-language,company-type,workmode,contract-type,min-experience,max-experience,english-level,max-title,income-in-currency
Dólares,Typescript,Extranjera,Remoto,Prestación de servicios/Contractor/Independiente,7,7,3,5,62400.0
Dólares,Kotlin,Extranjera,Remoto,Prestación de servicios/Contractor/Independiente,6,6,3,6,102000.0
Dólares,Soy Manager,Extranjera,Remoto,Prestación de servicios/Contractor/Independiente,15,15,4,5,150000.0
Pesos,Python,Colombiana con mercado extranjero,Remoto,Laboral,3,3,4,5,138000000.0
Dólares,Javascript,Extranjera,Remoto,Prestación de servicios/Contractor/Independiente,11,11,4,4,78000.0
Pesos,Soy Manager,Extranjera,Híbrido,Laboral,8,8,3,4,261600000.0
Pesos,Elixir,Colombiana con mercado nacional,Remoto,Laboral,6,6,4,5,24000000.0
Dólares,C#,Extranjera,Remoto,Prestación de servicios/Contractor/Independiente,8,8,4,5,73200.0
Dólares,Typescript,Extranjera,Remoto,Prestación de servicios/Contractor/Independiente,9,9,3,5,42250.0
Dólares,Typescript,Extranjera,Remoto,Prestación de servicios/Contractor/Independiente,15,15,4,2,160000.0
Pesos,Typescript,Colombiana con mercado extranjero,Remoto,Prestación de servicios/Contractor/Independiente,3,3,2,5,53000000.0
Pesos,Javascript,Extranjera,Remoto,Laboral,6,6,4,5,247440000.0
Pesos,Javascript,Colombiana con mercado extranjero,Remoto,Laboral,17,17,4,5,300000000.0
Pesos,Javascript,Colombiana con mercado extranjero,Remoto,Laboral,12,12,3,5,186200000.0
Pesos,Typescript,Colombiana con mercado nacional,Remoto,Prestación de servicios/Contractor/Independiente,2,2,0,3,29000000.0
Dólares,Python,Extranjera,Remoto,Prestación de servicios/Contractor/Independiente,3,3,2,5,42000.0
Pesos,Python,Colombiana con mercado nacional,Remoto,Laboral,1,1,3,3,39000000.0
Pesos,PHP,Colombiana con mercado nacional,Remoto,Laboral,1,1,3,2,12280000.0
Pesos,C#,Extranjera,Remoto,Laboral,10,10,4,5,280000000.0
Pesos,Go,Colombiana con mercado nacional,Remoto,Laboral,2,2,2,2,65000000.0
Pesos,Typescript,Colombiana con mercado nacional,Híbrido,Laboral,1,1,1,5,26000000.0
Dólares,Typescript,Extranjera,Remoto,Prestación de servicios/Contractor/Independiente,7,7,4,5,113280.0
Pesos,Typescript,Colombiana con mercado extranjero,Remoto,Laboral,5,5,1,6,91175500.0
Pesos,Kotlin,Extranjera,Híbrido,Laboral,9,9,4,5,323129196.0
Dólares,Elixir,Extranjera,Remoto,Prestación de servicios/Contractor/Independiente,13,13,4,5,47000.0
Dólares,Javascript,Extranjera,Remoto,Prestación de servicios/Contractor/Independiente,10,10,4,5,180000.0
Pesos,Typescript,Extranjera,Remoto,Laboral,10,10,4,5,354500000.0
Dólares,Typescript,Extranjera,Remoto,Laboral,15,15,4,5,60000.0
Dólares,C#,Extranjera,Remoto,Prestación de servicios/Contractor/Independiente,11,11,4,5,84640.0
Dólares,Ruby,Extranjera,Presencial,Prestación de servicios/Contractor/Independiente,3,3,4,4,31200.0
Pesos,Otro lenguaje de programación,Colombiana con mercado nacional,Híbrido,Laboral,7,7,2,5,150000000.0
Dólares,Go,Extranjera,Remoto,Prestación de servicios/Contractor/Independiente,10,10,3,5,87000.0
Pesos,Typescript,Extranjera,Remoto,Prestación de servicios/Contractor/Independiente,10,10,4,2,240000000.0
Pesos,Javascript,Colombiana con mercado extranjero,Híbrido,Laboral,7,7,3,5,114000000.0
Pesos,Python,Colombiana con mercado extranjero,Remoto,Laboral,13,13,3,6,252000000.0
Pesos,C#,Extranjera,Remoto,Laboral,22,22,3,4,111600000.0
Pesos,Javascript,Extranjera,Remoto,Laboral,5,5,3,5,222000000.0
Pesos,Javascript,Extranjera,Remoto,Laboral,8,8,4,5,235000000.0
Pesos,Go,Extranjera,Híbrido,Laboral,2,2,1,2,112606400.0
Pesos,Javascript,Colombiana con mercado extranjero,Remoto,Laboral,10,10,2,5,88000000.0
Pesos,C#,Colombiana con mercado nacional,Híbrido,Laboral,4,4,1,5,66000000.0
Pesos,Javascript,Colombiana con mercado extranjero,Remoto,Laboral,4,4,4,6,132000000.0
Pesos,Javascript,Extranjera,Híbrido,Prestación de servicios/Contractor/Independiente,10,10,3,5,223000000.0
Pesos,Soy Manager,Colombiana con mercado nacional,Híbrido,Laboral,14,14,1,5,255120000.0
Dólares,Python,Extranjera,Remoto,Prestación de servicios/Contractor/Independiente,16,16,3,6,75000.0
Dólares,Java,Extranjera,Remoto,Prestación de servicios/Contractor/Independiente,15,15,4,5,80000.0
Pesos,Otro lenguaje de programación,Extranjera,Remoto,Laboral,7,7,3,5,89907924.0
Dólares,Javascript,Extranjera,Remoto,Prestación de servicios/Contractor/Independiente,7,7,3,5,124800.0
Pesos,Javascript,Colombiana con mercado nacional,Remoto,Laboral,5,5,2,3,54000000.0
Pesos,Typescript,Extranjera,Remoto,Laboral,10,10,3,5,315000000.0
Dólares,Javascript,Extranjera,Remoto,Prestación de servicios/Contractor/Independiente,4,4,3,4,40867.0
Dólares,Javascript,Extranjera,Remoto,Prestación de servicios/Contractor/Independiente,4,4,2,6,43200.0
Pesos,Javascript,Colombiana con mercado extranjero,Remoto,Laboral,4,4,4,5,135200000.0
Pesos,Soy Manager,Colombiana con mercado extranjero,Híbrido,Prestación de servicios/Contractor/Independiente,5,5,2,5,66000000.0
Dólares,C#,Extranjera,Remoto,Prestación de servicios/Contractor/Independiente,6,6,3,5,0.0
Dólares,Go,Extranjera,Remoto,Laboral,7,7,3,6,60000.0
Dólares,Swift/Objective C,Extranjera,Remoto,Prestación de servicios/Contractor/Independiente,8,8,3,2,48000.0
Pesos,Javascript,Extranjera,Remoto,Laboral,9,9,4,5,490000000.0
Dólares,Javascript,Extranjera,Remoto,Prestación de servicios/Contractor/Independiente,5,5,4,5,61440.0
Pesos,Typescript,Extranjera,Remoto,Laboral,13,13,2,6,220000000.0
Pesos,C#,Extranjera,Remoto,Laboral,6,6,4,5,290840000.0
Dólares,Python,Soy independiente (Freelance),Remoto,Prestación de servicios/Contractor/Independiente,8,8,3,6,136000.0
Dólares,C#,Extranjera,Remoto,Prestación de servicios/Contractor/Independiente,15,15,4,5,0.0
Dólares,Ruby,Extranjera,Remoto,Prestación de servicios/Contractor/Independiente,6,6,4,5,66000.0
Dólares,Go,Extranjera,Remoto,Prestación de servicios/Contractor/Independiente,11,11,3,5,110000.0
Pesos,Python,Colombiana con mercado extranjero,Remoto,Laboral,7,7,4,5,222000000.0
Pesos,C#,Colombiana con mercado nacional,Híbrido,Laboral,4,4,3,4,61000000.0
Pesos,Python,Colombiana con mercado nacional,Remoto,Laboral,3,3,2,5,58000000.0
Pesos,Python,Colombiana con mercado extranjero,Remoto,Laboral,7,7,2,5,100000000.0
Dólares,Python,Extranjera,Remoto,Prestación de servicios/Contractor/Independiente,2,2,4,5,0.0
Dólares,Javascript,Extranjera,Remoto,Prestación de servicios/Contractor/Independiente,8,8,4,5,80000.0
Pesos,Typescript,Colombiana con mercado extranjero,Remoto,Laboral,3,3,3,5,35100000.0
Pesos,Soy Manager,Colombiana con mercado nacional,Remoto,Laboral,8,8,4,5,72500000.0
Dólares,Python,Extranjera,Remoto,Prestación de servicios/Contractor/Independiente,10,10,4,5,108000.0
Pesos,Typescript,Extranjera,Remoto,Laboral,15,15,3,5,446000000.0
Dólares,Ruby,Extranjera,Remoto,Prestación de servicios/Contractor/Independiente,15,15,3,5,48000.0
Pesos,Java,Extranjera,Remoto,Laboral,10,10,2,5,204000000.0
Dólares,Ruby,Extranjera,Remoto,Prestación de servicios/Contractor/Independiente,5,5,3,5,47700.0
Dólares,Javascript,Extranjera,Remoto,Prestación de servicios/Contractor/Independiente,8,8,4,5,5500.0
Pesos,Javascript,Extranjera,Remoto,Laboral,13,13,4,5,182000000.0
Pesos,PHP,Colombiana con mercado nacional,Híbrido,Laboral,4,4,0,4,35000000.0
Pesos,Go,Extranjera,Híbrido,Laboral,8,8,2,6,190000000.0
Dólares,Python,Extranjera,Híbrido,Laboral,5,5,4,6,50000.0
Dólares,Elixir,Extranjera,Remoto,Prestación de servicios/Contractor/Independiente,7,7,4,5,120000.0
Pesos,Javascript,Extranjera,Remoto,Laboral,7,7,4,2,230000000.0
Pesos,Java,Colombiana con mercado extranjero,Remoto,Laboral,3,3,3,5,60000000.0
Dólares,Python,Extranjera,Remoto,Prestación de servicios/Contractor/Independiente,9,9,4,4,72000.0
Pesos,Otro lenguaje de programación,Extranjera,Remoto,Laboral,12,12,3,5,222000000.0
Pesos,Javascript,Extranjera,Remoto,Laboral,16,16,4,5,250000000.0
Dólares,Javascript,Extranjera,Remoto,Prestación de servicios/Contractor/Independiente,5,5,3,5,48000.0
Pesos,Javascript,Colombiana con mercado extranjero,Híbrido,Laboral,2,2,4,5,110500000.0
Pesos,Python,Extranjera,Remoto,Laboral,3,3,3,5,133000000.0
Dólares,Javascript,Extranjera,Remoto,Prestación de servicios/Contractor/Independiente,10,10,4,5,105000.0
Dólares,Typescript,Extranjera,Remoto,Prestación de servicios/Contractor/Independiente,5,5,2,3,36000.0
Dólares,Python,Extranjera,Remoto,Prestación de servicios/Contractor/Independiente,20,20,3,4,60000.0
Dólares,Typescript,Extranjera,Híbrido,Prestación de servicios/Contractor/Independiente,8,8,4,5,90000.0
Pesos,Javascript,Extranjera,Remoto,Laboral,5,5,4,5,240000000.0
Pesos,Java,Extranjera,Remoto,Laboral,16,16,4,6,250000000.0
Dólares,Go,Soy independiente (Freelance),Remoto,Prestación de servicios/Contractor/Independiente,6,6,4,5,200000.0
Pesos,Java,Extranjera,Remoto,Laboral,13,13,4,5,380000000.0
Dólares,Java,Extranjera,Remoto,Prestación de servicios/Contractor/Independiente,10,10,2,5,40000.0
Dólares,Typescript,Soy independiente (Freelance),Remoto,Prestación de servicios/Contractor/Independiente,12,12,2,5,80000.0
Pesos,Java,Colombiana con mercado extranjero,Remoto,Laboral,10,10,3,5,144000000.0
Pesos,Javascript,Extranjera,Remoto,Laboral,8,8,4,6,100000000.0
Pesos,Typescript,Colombiana con mercado extranjero,Remoto,Laboral,3,3,3,3,171500000.0
Dólares,Python,Extranjera,Remoto,Prestación de servicios/Contractor/Independiente,15,15,2,5,120000.0
Pesos,Java,Colombiana con mercado nacional,Remoto,Laboral,1,1,2,4,50000000.0
Pesos,Java,Colombiana con mercado extranjero,Remoto,Laboral,12,12,1,5,30000000.0
Pesos,Javascript,Extranjera,Remoto,Laboral,12,12,3,5,230000000.0
Dólares,Java,Extranjera,Remoto,Prestación de servicios/Contractor/Independiente,10,10,3,6,82800.0
Pesos,Java,Colombiana con mercado extranjero,Remoto,Laboral,13,13,4,5,223080000.0
Dólares,Python,Extranjera,Remoto,Prestación de servicios/Contractor/Independiente,15,15,3,5,83000.0
Pesos,Typescript,Extranjera,Remoto,Laboral,9,9,3,2,222000000.0
Pesos,SQL,Colombiana con mercado extranjero,Remoto,Laboral,12,12,3,6,98000000.0
Pesos,Typescript,Colombiana con mercado extranjero,Remoto,Laboral,1,1,2,4,35000000.0
Dólares,Dart,Extranjera,Remoto,Prestación de servicios/Contractor/Independiente,22,22,4,6,84000.0
Dólares,Typescript,Extranjera,Presencial,Laboral,9,9,4,2,160000.0
Pesos,Java,Colombiana con mercado extranjero,Remoto,Laboral,4,4,2,5,66000000.0
Dólares,Typescript,Extranjera,Remoto,Prestación de servicios/Contractor/Independiente,10,10,3,5,60000.0
Pesos,Java,Extranjera,Remoto,Laboral,10,10,4,6,252000000.0
Dólares,Python,Extranjera,Remoto,Prestación de servicios/Contractor/Independiente,5,5,3,6,60000.0
Dólares,Javascript,Extranjera,Remoto,Prestación de servicios/Contractor/Independiente,23,23,4,5,84000.0
Dólares,C#,Colombiana con mercado extranjero,Remoto,Prestación de servicios/Contractor/Independiente,13,13,4,5,70000.0
Dólares,Ruby,Extranjera,Remoto,Prestación de servicios/Contractor/Independiente,15,15,4,6,136000.0
Pesos,Javascript,Colombiana con mercado extranjero,Remoto,Laboral,5,5,3,5,132000000.0
Dólares,Javascript,Extranjera,Remoto,Prestación de servicios/Contractor/Independiente,8,8,4,5,80000.0
Pesos,Python,Colombiana con mercado extranjero,Híbrido,Laboral,4,4,3,6,143000000.0
Dólares,Typescript,Extranjera,Remoto,Prestación de servicios/Contractor/Independiente,7,7,4,5,66000.0
Dólares,C#,Extranjera,Remoto,Prestación de servicios/Contractor/Independiente,10,10,3,5,108000.0
Pesos,Python,Colombiana con mercado extranjero,Híbrido,Laboral,4,4,4,6,240000000.0
Pesos,PHP,Extranjera,Híbrido,Laboral,12,12,4,5,231600000.0
Pesos,Java,Extranjera,Remoto,Laboral,8,8,3,5,220000000.0
Pesos,Javascript,Colombiana con mercado extranjero,Remoto,Laboral,4,4,3,5,132000000.0
Pesos,Typescript,Extranjera,Remoto,Laboral,4,4,4,5,97000000.0
Pesos,Typescript,Colombiana con mercado extranjero,Híbrido,Laboral,4,4,0,2,70800000.0
Pesos,Python,Colombiana con mercado nacional,Híbrido,Laboral,18,18,3,6,110000000.0
Dólares,C#,Extranjera,Remoto,Prestación de servicios/Contractor/Independiente,14,14,3,5,44000.0
Dólares,Kotlin,Extranjera,Remoto,Prestación de servicios/Contractor/Independiente,15,15,4,6,19600.0
Pesos,Python,Colombiana con mercado nacional,Híbrido,Laboral,1,1,2,5,44000000.0
Dólares,Typescript,Extranjera,Remoto,Prestación de servicios/Contractor/Independiente,4,4,3,2,24000.0
Dólares,SQL,Extranjera,Remoto,Prestación de servicios/Contractor/Independiente,15,15,3,5,75000.0
Dólares,Typescript,Extranjera,Remoto,Prestación de servicios/Contractor/Independiente,10,10,4,5,66000.0
Pesos,Python,Extranjera,Remoto,Laboral,10,10,3,6,341276000.0
Pesos,Java,Colombiana con mercado nacional,Remoto,Laboral,23,23,3,6,240000000.0
Dólares,Typescript,Extranjera,Remoto,Prestación de servicios/Contractor/Independiente,12,12,3,6,78000.0
Pesos,Javascript,Colombiana con mercado nacional,Híbrido,Laboral,8,8,1,6,13000000.0
Pesos,C#,Colombiana con mercado extranjero,Híbrido,Laboral,17,17,3,6,25000000.0
Pesos,Java,Colombiana con mercado extranjero,Remoto,Laboral,11,11,2,5,232000000.0
Pesos,Javascript,Colombiana con mercado nacional,Remoto,Laboral,3,3,3,5,66000000.0
Pesos,Go,Extranjera,Híbrido,Laboral,6,6,1,5,160000000.0
Pesos,Python,Extranjera,Remoto,Laboral,4,4,4,5,130000000.0
Dólares,Python,Colombiana con mercado extranjero,Remoto,Prestación de servicios/Contractor/Independiente,5,5,3,5,60000.0
Pesos,Java,Extranjera,Remoto,Laboral,6,6,3,5,16000000.0
Pesos,Javascript,Extranjera,Remoto,Laboral,5,5,3,5,12500000.0
Pesos,Go,Colombiana con mercado extranjero,Híbrido,Laboral,5,5,4,5,270000000.0
Pesos,Typescript,Extranjera,Remoto,Laboral,5,5,4,5,132000000.0
Pesos,Java,Soy independiente (Freelance),Híbrido,Prestación de servicios/Contractor/Independiente,13,13,3,6,72000000.0
Pesos,C#,Extranjera,Híbrido,Laboral,8,8,2,6,120000000.0
Pesos,Typescript,Colombiana con mercado extranjero,Remoto,Laboral,8,8,0,5,258000000.0
Pesos,C#,Colombiana con mercado extranjero,Remoto,Laboral,5,5,4,2,240000000.0
Pesos,Javascript,Colombiana con mercado extranjero,Remoto,Laboral,6,6,3,6,223266000.0
Pesos,Python,Colombiana con mercado extranjero,Remoto,Laboral,9,9,3,5,168000000.0
Pesos,Javascript,Extranjera,Remoto,Laboral,7,7,4,6,200000000.0
Pesos,Kotlin,Extranjera,Remoto,Laboral,8,8,3,5,274000000.0
Pesos,C#,Colombiana con mercado nacional,Remoto,Laboral,5,5,4,5,77000000.0
Pesos,Go,Extranjera,Remoto,Laboral,14,14,2,5,144000000.0
Pesos,Java,Colombiana con mercado extranjero,Remoto,Laboral,10,10,2,5,87000000.0
Dólares,SQL,Colombiana con mercado extranjero,Remoto,Prestación de servicios/Contractor/Independiente,10,10,3,5,50800.0
Pesos,Python,Colombiana con mercado nacional,Remoto,Prestación de servicios/Contractor/Independiente,5,5,2,3,118000000.0
Dólares,Scala,Extranjera,Remoto,Prestación de servicios/Contractor/Independiente,5,5,4,6,76200.0
Dólares,Python,Soy independiente (Freelance),Remoto,Prestación de servicios/Contractor/Independiente,10,10,1,2,140000.0
Pesos,SQL,Colombiana con mercado nacional,Híbrido,Laboral,3,3,2,4,28800000.0
Pesos,Java,Extranjera,Remoto,Laboral,9,9,2,5,226800000.0
Dólares,Typescript,Extranjera,Remoto,Prestación de servicios/Contractor/Independiente,4,4,4,5,36000.0
Pesos,Javascript,Colombiana con mercado nacional,Remoto,Laboral,4,4,3,5,74400000.0
Pesos,Java,Extranjera,Remoto,Laboral,4,4,4,5,176000000.0
Pesos,Typescript,Colombiana con mercado extranjero,Remoto,Laboral,15,15,4,4,21000000.0
Pesos,Javascript,Colombiana con mercado extranjero,Híbrido,Laboral,6,6,4,5,225000000.0
Pesos,Typescript,Colombiana con mercado extranjero,Remoto,Laboral,8,8,4,5,123600000.0
Dólares,Python,Extranjera,Híbrido,Prestación de servicios/Contractor/Independiente,6,6,3,5,60000.0
Pesos,C#,Extranjera,Remoto,Laboral,13,13,3,5,0.0
Pesos,Python,Colombiana con mercado extranjero,Híbrido,Laboral,6,6,4,5,192000000.0
Dólares,Python,Extranjera,Remoto,Prestación de servicios/Contractor/Independiente,6,6,3,5,44500.0
Pesos,Java,Colombiana con mercado nacional,Remoto,Laboral,4,4,3,5,66000000.0
Pesos,Typescript,Extranjera,Remoto,Laboral,10,10,4,5,336000000.0
Pesos,Python,Colombiana con mercado nacional,Remoto,Laboral,4,4,3,6,120000000.0
Pesos,Java,Extranjera,Remoto,Laboral,8,8,1,5,58000000.0
Dólares,Python,Extranjera,Remoto,Prestación de servicios/Contractor/Independiente,6,6,4,5,42000.0
Dólares,Javascript,Extranjera,Remoto,Prestación de servicios/Contractor/Independiente,16,16,4,5,145000.0
Pesos,Python,Colombiana con mercado extranjero,Remoto,Laboral,2,2,4,6,115500000.0
Pesos,C,Extranjera,Remoto,Laboral,7,7,4,5,262800000.0
Dólares,C#,Extranjera,Remoto,Prestación de servicios/Contractor/Independiente,5,5,4,5,47000.0
Pesos,Go,Extranjera,Híbrido,Laboral,5,5,1,5,130000000.0
Dólares,Ruby,Extranjera,Remoto,Laboral,10,10,3,5,70000.0
Pesos,Javascript,Colombiana con mercado nacional,Remoto,Laboral,16,16,1,5,130000000.0
Dólares,Ruby,Extranjera,Remoto,Prestación de servicios/Contractor/Independiente,1,1,4,5,12000.0
Pesos,Javascript,Colombiana con mercado nacional,Remoto,Laboral,4,4,1,4,55200000.0
Dólares,Typescript,Extranjera,Remoto,Prestación de servicios/Contractor/Independiente,4,4,3,4,18000.0
Pesos,Javascript,Extranjera,Remoto,Laboral,7,7,4,4,126000000.0
Pesos,PHP,Extranjera,Remoto,Laboral,30,30,3,6,120000000.0
Pesos,Javascript,Colombiana con mercado extranjero,Remoto,Laboral,3,3,3,5,78000000.0
Pesos,C#,Extranjera,Remoto,Laboral,15,15,3,6,230000000.0
Pesos,Go,Colombiana con mercado extranjero,Remoto,Laboral,3,3,2,5,44000000.0
Pesos,Java,Colombiana con mercado extranjero,Híbrido,Laboral,4,4,3,5,123000000.0
Pesos,Python,Colombiana con mercado extranjero,Híbrido,Laboral,4,4,3,6,118000000.0
Pesos,C#,Colombiana con mercado extranjero,Remoto,Laboral,10,10,3,5,11000000.0
Pesos,SQL,Colombiana con mercado extranjero,Remoto,Laboral,3,3,3,5,58800000.0
Dólares,Typescript,Extranjera,Remoto,Prestación de servicios/Contractor/Independiente,3,3,0,5,31200.0
Dólares,Python,Extranjera,Remoto,Prestación de servicios/Contractor/Independiente,4,4,3,5,60000.0
Pesos,F#,Extranjera,Híbrido,Laboral,10,10,3,5,156598380.0
Dólares,Typescript,Extranjera,Remoto,Prestación de servicios/Contractor/Independiente,8,8,2,2,39600.0
Dólares,Javascript,Extranjera,Remoto,Prestación de servicios/Contractor/Independiente,3,3,3,5,12000.0
Pesos,Java,Colombiana con mercado extranjero,Híbrido,Laboral,6,6,3,6,260000000.0
Pesos,Python,Colombiana con mercado nacional,Presencial,Laboral,4,4,2,5,58000000.0
Dólares,Python,Extranjera,Remoto,Prestación de servicios/Contractor/Independiente,4,4,4,6,42000.0
Pesos,Java,Colombiana con mercado extranjero,Remoto,Laboral,4,4,4,5,65000000.0
Pesos,C#,Colombiana con mercado nacional,Presencial,Prestación de servicios/Contractor/Independiente,5,5,2,5,33600000.0
Pesos,Python,Extranjera,Híbrido,Laboral,3,3,4,6,38000000.0
Pesos,PHP,Colombiana con mercado nacional,Híbrido,Laboral,2,2,4,5,54600000.0
Pesos,Javascript,Colombiana con mercado extranjero,Remoto,Laboral,4,4,3,6,65000000.0
Pesos,Python,Colombiana con mercado extranjero,Remoto,Laboral,9,9,3,5,72800000.0
Pesos,Javascript,Extranjera,Remoto,Laboral,5,5,3,2,124000000.0
Dólares,Python,Extranjera,Remoto,Prestación de servicios/Contractor/Independiente,8,8,4,5,120000.0
Pesos,Java,Colombiana con mercado extranjero,Remoto,Laboral,9,9,3,5,191200000.0
Pesos,Kotlin,Colombiana con mercado extranjero,Remoto,Laboral,11,11,4,4,240000000.0
Pesos,Javascript,Colombiana con mercado extranjero,Remoto,Laboral,14,14,3,5,132000000.0
Pesos,Javascript,Extranjera,Remoto,Laboral,4,4,3,5,112000000.0
Pesos,Java,Extranjera,Remoto,Laboral,3,3,1,5,180000000.0
Pesos,Swift/Objective C,Colombiana con mercado nacional,Remoto,Prestación de servicios/Contractor/Independiente,12,12,0,5,108000000.0
Pesos,Java,Colombiana con mercado extranjero,Remoto,Laboral,4,4,3,6,195000000.0
Pesos,C#,Extranjera,Remoto,Laboral,12,12,2,5,130000000.0
Pesos,PHP,Colombiana con mercado extranjero,Remoto,Laboral,12,12,3,5,128000000.0
Pesos,Javascript,Extranjera,Remoto,Laboral,14,14,4,5,306000000.0
Pesos,Python,Colombiana con mercado nacional,Remoto,Laboral,7,7,2,5,112000000.0
Pesos,Java,Colombiana con mercado extranjero,Remoto,Laboral,6,6,3,4,126000000.0
Pesos,Otro lenguaje de programación,Colombiana con mercado extranjero,Remoto,Laboral,5,5,1,5,88400000.0
Pesos,Python,Extranjera,Remoto,Laboral,5,5,4,5,216000000.0
Pesos,Javascript,Colombiana con mercado nacional,Remoto,Laboral,3,3,0,4,70000000.0
Pesos,Typescript,Extranjera,Remoto,Prestación de servicios/Contractor/Independiente,6,6,3,5,137000000.0
Pesos,Javascript,Extranjera,Remoto,Laboral,4,4,3,3,81280836.0
Pesos,Java,Colombiana con mercado extranjero,Remoto,Laboral,5,5,3,5,202800000.0
Pesos,Java,Colombiana con mercado extranjero,Remoto,Laboral,2,2,1,5,54000000.0
Pesos,Python,Colombiana con mercado extranjero,Remoto,Laboral,1,1,3,5,54000000.0
Pesos,Javascript,Colombiana con mercado nacional,Presencial,Laboral,3,3,2,3,48000000.0
Pesos,C++,Extranjera,Híbrido,Laboral,5,5,3,5,168670000.0
Dólares,Typescript,Extranjera,Remoto,Prestación de servicios/Contractor/Independiente,15,15,4,6,96000.0
Pesos,Typescript,Colombiana con mercado nacional,Híbrido,Laboral,2,2,3,5,54000000.0
Pesos,C#,Extranjera,Remoto,Laboral,3,3,4,5,60000000.0
Pesos,Javascript,Colombiana con mercado nacional,Híbrido,Prestación de servicios/Contractor/Independiente,4,4,1,6,110000000.0
Pesos,Python,Colombiana con mercado extranjero,Remoto,Laboral,1,1,0,5,35000000.0
Pesos,Kotlin,Extranjera,Remoto,Laboral,9,9,3,5,202150000.0
Dólares,Swift/Objective C,Extranjera,Remoto,Prestación de servicios/Contractor/Independiente,12,12,4,6,130000.0
Pesos,Javascript,Colombiana con mercado extranjero,Remoto,Laboral,3,3,0,6,36000000.0
Pesos,Javascript,Colombiana con mercado extranjero,Remoto,Laboral,13,13,0,5,156000000.0
Pesos,Kotlin,Extranjera,Híbrido,Laboral,10,10,4,5,35000000.0
Pesos,Kotlin,Colombiana con mercado nacional,Remoto,Laboral,10,10,1,4,11000000.0
Pesos,Kotlin,Colombiana con mercado extranjero,Remoto,Laboral,15,15,4,5,260000000.0
Pesos,Kotlin,Extranjera,Remoto,Laboral,10,10,3,5,266000000.0
Dólares,Python,Extranjera,Remoto,Prestación de servicios/Contractor/Independiente,7,7,2,4,140000.0
Dólares,Javascript,Extranjera,Remoto,Prestación de servicios/Contractor/Independiente,3,3,3,5,24000.0
Dólares,Elixir,Extranjera,Remoto,Prestación de servicios/Contractor/Independiente,11,11,4,5,180630.0
Dólares,Javascript,Extranjera,Remoto,Prestación de servicios/Contractor/Independiente,4,4,4,2,10000.0
Pesos,Kotlin,Extranjera,Remoto,Laboral,10,10,1,5,224800000.0
Pesos,Javascript,Extranjera,Remoto,Laboral,10,10,3,5,94000000.0
Pesos,Kotlin,Colombiana con mercado nacional,Remoto,Laboral,10,10,2,6,16000000.0
Pesos,Kotlin,Extranjera,Híbrido,Laboral,10,10,3,5,228000000.0
Pesos,Kotlin,Colombiana con mercado extranjero,Remoto,Laboral,8,8,1,5,102000000.0
Pesos,Javascript,Colombiana con mercado nacional,Remoto,Prestación de servicios/Contractor/Independiente,1,1,2,5,30000000.0
Pesos,Python,Colombiana con mercado extranjero,Remoto,Laboral,4,4,2,5,18000000.0
Pesos,Kotlin,Colombiana con mercado extranjero,Remoto,Laboral,10,10,0,6,250000000.0
Pesos,C#,Colombiana con mercado nacional,Remoto,Laboral,4,4,0,3,48000000.0
Dólares,Typescript,Extranjera,Remoto,Prestación de servicios/Contractor/Independiente,11,11,2,4,60000.0
Dólares,Python,Extranjera,Remoto,Prestación de servicios/Contractor/Independiente,4,4,4,6,60000.0
Pesos,Python,Colombiana con mercado nacional,Híbrido,Laboral,4,4,2,6,50400000.0
Pesos,Python,Extranjera,Híbrido,Laboral,2,2,3,5,94500000.0
Pesos,Java,Extranjera,Remoto,Laboral,4,4,3,5,75000000.0
Dólares,Kotlin,Extranjera,Remoto,Prestación de servicios/Contractor/Independiente,15,15,4,5,100000.0
Dólares,Javascript,Soy independiente (Freelance),Remoto,Prestación de servicios/Contractor/Independiente,13,13,4,5,160000.0
Pesos,Kotlin,Colombiana con mercado extranjero,Remoto,Laboral,6,6,3,5,123600000.0
Pesos,Typescript,Extranjera,Remoto,Laboral,11,11,3,5,163800000.0
Pesos,Python,Colombiana con mercado nacional,Remoto,Laboral,3,3,0,5,71900000.0
Pesos,Go,Colombiana con mercado extranjero,Híbrido,Laboral,9,9,2,5,0.0
Dólares,Javascript,Colombiana con mercado extranjero,Remoto,Prestación de servicios/Contractor/Independiente,4,4,2,6,36000.0
Pesos,Typescript,Extranjera,Remoto,Laboral,14,14,4,5,625000000.0
Pesos,Python,Extranjera,Remoto,Laboral,4,4,4,5,222060000.0
Pesos,Python,Colombiana con mercado nacional,Remoto,Laboral,4,4,2,6,90000000.0
Pesos,Typescript,Colombiana con mercado nacional,Remoto,Laboral,3,3,4,5,150000000.0
Pesos,Typescript,Colombiana con mercado extranjero,Remoto,Laboral,5,5,2,5,90000000.0
Pesos,Javascript,Colombiana con mercado nacional,Presencial,Laboral,3,3,2,6,32400000.0
Dólares,Otro lenguaje de programación,Extranjera,Remoto,Prestación de servicios/Contractor/Independiente,7,7,4,5,84000.0
Pesos,Javascript,Extranjera,Remoto,Laboral,6,6,3,4,192000000.0
Dólares,Javascript,Extranjera,Remoto,Prestación de servicios/Contractor/Independiente,7,7,4,6,100000.0
Pesos,Javascript,Colombiana con mercado extranjero,Presencial,Laboral,8,8,1,5,95000000.0
Pesos,Go,Colombiana con mercado extranjero,Híbrido,Laboral,7,7,3,6,400000000.0
Pesos,Typescript,Colombiana con mercado extranjero,Remoto,Laboral,6,6,2,5,204000000.0
Pesos,Java,Colombiana con mercado extranjero,Remoto,Laboral,6,6,3,6,155000000.0
Pesos,Javascript,Extranjera,Remoto,Laboral,5,5,4,5,87600000.0
Pesos,Typescript,Colombiana con mercado nacional,Remoto,Prestación de servicios/Contractor/Independiente,4,4,3,5,52800000.0
Dólares,C#,Extranjera,Remoto,Laboral,13,13,4,4,95000.0
Dólares,Java,Extranjera,Remoto,Prestación de servicios/Contractor/Independiente,8,8,4,5,65000.0
Pesos,Python,Extranjera,Remoto,Laboral,2,2,3,6,66000000.0
Pesos,Java,Colombiana con mercado nacional,Remoto,Laboral,10,10,2,5,83000000.0
Pesos,Java,Colombiana con mercado nacional,Remoto,Prestación de servicios/Contractor/Independiente,1,1,4,5,26000000.0
Pesos,Python,Extranjera,Híbrido,Laboral,1,1,1,5,36000000.0
Pesos,Java,Colombiana con mercado nacional,Híbrido,Laboral,6,6,2,5,120000000.0
Pesos,Java,Colombiana con mercado nacional,Híbrido,Laboral,5,5,3,5,171000000.0
Pesos,Javascript,Colombiana con mercado extranjero,Remoto,Laboral,7,7,4,5,158748000.0
Pesos,Javascript,Colombiana con mercado nacional,Híbrido,Laboral,10,10,3,5,36000000.0
Pesos,Java,Extranjera,Remoto,Laboral,5,5,4,6,222144000.0
Pesos,Typescript,Colombiana con mercado extranjero,Remoto,Laboral,5,5,3,5,154700000.0
Pesos,Otro lenguaje de programación,Extranjera,Híbrido,Laboral,5,5,2,5,20000000.0
Pesos,Otro lenguaje de programación,Colombiana con mercado extranjero,Remoto,Laboral,12,12,4,5,180000000.0
Pesos,C#,Colombiana con mercado nacional,Remoto,Laboral,8,8,3,4,400000000.0
Dólares,Python,Extranjera,Remoto,Prestación de servicios/Contractor/Independiente,8,8,3,5,68400.0
Pesos,Elixir,Colombiana con mercado nacional,Remoto,Laboral,7,7,4,5,260000000.0
Pesos,Python,Colombiana con mercado extranjero,Remoto,Laboral,12,12,4,6,180000000.0
Pesos,Python,Extranjera,Híbrido,Laboral,6,6,3,5,98000000.0
Pesos,Java,Extranjera,Remoto,Laboral,10,10,1,5,14115000.0
Dólares,Java,Extranjera,Remoto,Prestación de servicios/Contractor/Independiente,6,6,1,5,51600.0
Pesos,Kotlin,Colombiana con mercado extranjero,Remoto,Laboral,6,6,2,5,120000000.0
Dólares,Kotlin,Soy independiente (Freelance),Remoto,Prestación de servicios/Contractor/Independiente,18,18,1,5,72000.0
Pesos,Typescript,Colombiana con mercado extranjero,Remoto,Laboral,9,9,4,6,270800000.0
Pesos,Javascript,Extranjera,Híbrido,Laboral,10,10,3,5,202800000.0
Pesos,Rust,Extranjera,Remoto,Laboral,15,15,4,2,377000000.0
Pesos,Python,Colombiana con mercado extranjero,Remoto,Laboral,10,10,3,5,222000000.0
Pesos,Javascript,Extranjera,Remoto,Prestación de servicios/Contractor/Independiente,12,12,3,5,180000000.0
Pesos,Dart,Colombiana con mercado nacional,Remoto,Laboral,9,9,2,5,0.0
Pesos,Ruby,Colombiana con mercado nacional,Remoto,Laboral,4,4,2,5,69600000.0
Pesos,Javascript,Colombiana con mercado nacional,Remoto,Prestación de servicios/Contractor/Independiente,13,13,0,5,132680000.0
Pesos,Javascript,Extranjera,Remoto,Laboral,14,14,2,6,182308000.0
Pesos,Kotlin,Extranjera,Remoto,Laboral,7,7,4,5,202000000.0
Pesos,Python,Extranjera,Remoto,Laboral,4,4,3,6,21680000.0
Pesos,Javascript,Colombiana con mercado extranjero,Remoto,Laboral,8,8,4,4,200000000.0
Pesos,Python,Colombiana con mercado extranjero,Remoto,Laboral,3,3,4,5,96000000.0
Dólares,Typescript,Extranjera,Remoto,Prestación de servicios/Contractor/Independiente,7,7,4,5,100000.0
Pesos,Javascript,Extranjera,Remoto,Laboral,12,12,3,6,246000000.0
Dólares,Javascript,Soy independiente (Freelance),Híbrido,Prestación de servicios/Contractor/Independiente,2,2,3,5,20000.0
Dólares,Otro lenguaje de programación,Extranjera,Remoto,Laboral,5,5,0,5,22000.0
Pesos,Javascript,Colombiana con mercado extranjero,Remoto,Laboral,5,5,3,5,180000000.0
Dólares,Typescript,Extranjera,Remoto,Laboral,3,3,4,2,34500.0
Pesos,Java,Extranjera,Híbrido,Laboral,4,4,3,5,245000000.0
Dólares,Typescript,Extranjera,Remoto,Prestación de servicios/Contractor/Independiente,12,12,4,5,83400.0
Pesos,Python,Colombiana con mercado nacional,Presencial,Laboral,1,1,1,5,114000000.0
Pesos,Scala,Colombiana con mercado extranjero,Remoto,Laboral,5,5,4,5,225000000.0
Pesos,Javascript,Colombiana con mercado nacional,Remoto,Prestación de servicios/Contractor/Independiente,4,4,3,2,100000000.0
Pesos,Python,Extranjera,Remoto,Laboral,4,4,4,2,18500000.0
Pesos,Javascript,Extranjera,Remoto,Laboral,15,15,4,5,230000000.0
Pesos,Typescript,Colombiana con mercado nacional,Remoto,Laboral,4,4,4,3,30000000.0
Dólares,Typescript,Extranjera,Remoto,Prestación de servicios/Contractor/Independiente,2,2,3,5,20000.0
Pesos,Javascript,Extranjera,Híbrido,Laboral,20,20,3,6,25000000.0
Pesos,Javascript,Colombiana con mercado nacional,Presencial,Laboral,5,5,3,5,84000000.0
Dólares,Javascript,Extranjera,Remoto,Prestación de servicios/Contractor/Independiente,7,7,2,5,105000.0
Pesos,Kotlin,Extranjera,Híbrido,Laboral,15,15,3,5,392000000.0
Pesos,Swift/Objective C,Colombiana con mercado extranjero,Remoto,Laboral,13,13,4,5,240000000.0
Dólares,Javascript,Extranjera,Remoto,Prestación de servicios/Contractor/Independiente,5,5,3,5,55000.0
Pesos,Typescript,Colombiana con mercado extranjero,Remoto,Laboral,7,7,4,5,214101000.0
Dólares,Javascript,Extranjera,Remoto,Prestación de servicios/Contractor/Independiente,24,24,4,4,170000.0
Dólares,Ruby,Extranjera,Remoto,Prestación de servicios/Contractor/Independiente,5,5,4,5,70000.0
Dólares,Typescript,Extranjera,Remoto,Prestación de servicios/Contractor/Independiente,17,17,4,4,82000.0
Dólares,Javascript,Extranjera,Remoto,Laboral,5,5,4,3,11800.0
Pesos,Java,Extranjera,Remoto,Laboral,13,13,4,5,404400000.0
Pesos,Python,Extranjera,Remoto,Laboral,6,6,2,2,204000000.0
Pesos,Otro lenguaje de programación,Colombiana con mercado extranjero,Remoto,Laboral,2,2,0,5,39600000.0
Dólares,Typescript,Extranjera,Remoto,Prestación de servicios/Contractor/Independiente,10,10,3,5,5450.0
Pesos,Java,Extranjera,Remoto,Laboral,10,10,3,5,18505000.0
Pesos,C#,Colombiana con mercado nacional,Híbrido,Laboral,7,7,3,5,102000000.0
Pesos,C#,Colombiana con mercado extranjero,Híbrido,Laboral,20,20,4,5,144000000.0
Pesos,Typescript,Colombiana con mercado nacional,Remoto,Laboral,3,3,2,4,58000000.0
Dólares,Javascript,Extranjera,Remoto,Prestación de servicios/Contractor/Independiente,4,4,3,5,20000.0
Pesos,Python,Colombiana con mercado nacional,Remoto,Laboral,4,4,3,6,103768000.0
Pesos,PHP,Colombiana con mercado nacional,Remoto,Laboral,4,4,1,6,45000000.0
Pesos,Ruby,Colombiana con mercado extranjero,Remoto,Laboral,10,10,3,5,440000000.0
Pesos,Go,Extranjera,Remoto,Laboral,5,5,2,3,100400000.0
Pesos,Java,Colombiana con mercado nacional,Híbrido,Laboral,3,3,3,5,91000000.0
Dólares,C#,Extranjera,Remoto,Laboral,8,8,3,6,5500.0
Pesos,Python,Colombiana con mercado extranjero,Presencial,Laboral,9,9,3,2,53560000.0
Pesos,Python,Colombiana con mercado extranjero,Remoto,Laboral,6,6,4,5,104000000.0
Pesos,SQL,Extranjera,Presencial,Laboral,1,1,4,5,38000000.0
Pesos,C#,Colombiana con mercado nacional,Remoto,Laboral,6,6,3,5,120000000.0
Dólares,Javascript,Extranjera,Remoto,Prestación de servicios/Contractor/Independiente,3,3,1,3,15600.0
Pesos,Typescript,Colombiana con mercado extranjero,Remoto,Laboral,1,1,4,5,67200000.0
Dólares,Javascript,Extranjera,Remoto,Prestación de servicios/Contractor/Independiente,10,10,0,4,48000.0
Pesos,SQL,Extranjera,Remoto,Laboral,1,1,1,5,60000000.0
Pesos,SQL,Extranjera,Remoto,Laboral,7,7,3,6,236400000.0
Dólares,Python,Extranjera,Remoto,Prestación de servicios/Contractor/Independiente,7,7,3,6,60000.0
Pesos,Javascript,Extranjera,Híbrido,Laboral,16,16,3,5,162000000.0
Pesos,Typescript,Colombiana con mercado extranjero,Remoto,Laboral,5,5,4,5,77700000.0
Dólares,Soy Manager,Extranjera,Híbrido,Prestación de servicios/Contractor/Independiente,7,7,4,5,87000.0
Pesos,Ruby,Colombiana con mercado extranjero,Remoto,Laboral,10,10,3,5,150000000.0
Pesos,Java,Extranjera,Remoto,Laboral,10,10,2,5,118000000.0
Pesos,Javascript,Colombiana con mercado extranjero,Remoto,Laboral,8,8,1,5,230000000.0
Dólares,PHP,Colombiana con mercado extranjero,Remoto,Prestación de servicios/Contractor/Independiente,5,5,2,2,30550.0
Dólares,Go,Extranjera,Remoto,Prestación de servicios/Contractor/Independiente,9,9,2,5,86000.0
Pesos,Javascript,Colombiana con mercado extranjero,Remoto,Laboral,7,7,2,5,122000000.0
Dólares,Soy Manager,Extranjera,Híbrido,Prestación de servicios/Contractor/Independiente,11,11,3,6,108000.0
Pesos,Typescript,Colombiana con mercado extranjero,Remoto,Laboral,6,6,0,5,102000000.0
Pesos,Python,Colombiana con mercado nacional,Remoto,Laboral,4,4,2,6,80000000.0
Dólares,Soy Manager,Colombiana con mercado extranjero,Remoto,Prestación de servicios/Contractor/Independiente,4,4,3,5,24000.0
Pesos,Typescript,Colombiana con mercado extranjero,Remoto,Laboral,5,5,4,5,132000000.0
Pesos,Ruby,Colombiana con mercado nacional,Remoto,Laboral,3,3,2,4,38278296.0
Pesos,C#,Extranjera,Remoto,Laboral,9,9,4,5,222066000.0
Pesos,Java,Colombiana con mercado nacional,Remoto,Laboral,5,5,3,5,105000000.0
Dólares,Typescript,Extranjera,Remoto,Prestación de servicios/Contractor/Independiente,13,13,4,5,131436.0
Pesos,SQL,Extranjera,Remoto,Laboral,30,30,1,5,80000000.0
Dólares,C#,Extranjera,Remoto,Prestación de servicios/Contractor/Independiente,18,18,3,6,5500.0
Pesos,Otro lenguaje de programación,Colombiana con mercado extranjero,Híbrido,Laboral,3,3,2,5,42500000.0
Pesos,Javascript,Extranjera,Híbrido,Laboral,3,3,3,5,10000000.0
Pesos,Otro lenguaje de programación,Soy independiente (Freelance),Presencial,Prestación de servicios/Contractor/Independiente,0,0,0,5,88000000.0
Pesos,Python,Colombiana con mercado nacional,Remoto,Laboral,12,12,4,6,300000000.0
Pesos,PHP,Colombiana con mercado nacional,Híbrido,Laboral,15,15,2,5,108000000.0
Pesos,C#,Extranjera,Remoto,Laboral,15,15,4,2,325000000.0
Pesos,Javascript,Colombiana con mercado extranjero,Híbrido,Laboral,1,1,3,5,48100000.0
Pesos,Javascript,Colombiana con mercado nacional,Remoto,Laboral,4,4,3,5,140000000.0
Pesos,Javascript,Colombiana con mercado extranjero,Remoto,Laboral,15,15,4,4,21000000.0
Pesos,C#,Extranjera,Remoto,Laboral,4,4,4,6,141600000.0
Dólares,Javascript,Colombiana con mercado extranjero,Remoto,Prestación de servicios/Contractor/Independiente,6,6,1,4,32000.0
Pesos,Typescript,Extranjera,Remoto,Laboral,6,6,4,5,206102000.0
Pesos,Python,Colombiana con mercado nacional,Híbrido,Laboral,4,4,4,5,56640000.0
Pesos,SQL,Colombiana con mercado extranjero,Remoto,Laboral,5,5,0,6,90000000.0
Dólares,Python,Extranjera,Remoto,Prestación de servicios/Contractor/Independiente,1,1,4,6,19200.0
Pesos,PHP,Colombiana con mercado nacional,Remoto,Laboral,8,8,2,5,0.0
Dólares,Javascript,Extranjera,Remoto,Prestación de servicios/Contractor/Independiente,5,5,0,4,24000.0
Pesos,Python,Colombiana con mercado extranjero,Remoto,Laboral,3,3,2,3,275000000.0
Pesos,Java,Colombiana con mercado nacional,Híbrido,Laboral,8,8,0,5,104000000.0
Dólares,Typescript,Extranjera,Remoto,Prestación de servicios/Contractor/Independiente,9,9,3,5,64000.0
Dólares,Rust,Extranjera,Remoto,Prestación de servicios/Contractor/Independiente,11,11,4,5,95000.0
Dólares,Typescript,Extranjera,Remoto,Prestación de servicios/Contractor/Independiente,10,10,4,4,63900.0
Pesos,Java,Extranjera,Híbrido,Laboral,2,2,2,5,106000000.0
Dólares,Typescript,Extranjera,Remoto,Laboral,7,7,3,3,115000.0
Dólares,Python,Soy independiente (Freelance),Remoto,Prestación de servicios/Contractor/Independiente,5,5,4,5,100000.0
Pesos,Python,Colombiana con mercado nacional,Remoto,Laboral,3,3,3,5,66000000.0
Dólares,Python,Extranjera,Remoto,Prestación de servicios/Contractor/Independiente,2,2,3,5,50000.0
Pesos,Typescript,Extranjera,Remoto,Laboral,6,6,4,6,400000000.0
Pesos,Typescript,Colombiana con mercado extranjero,Híbrido,Laboral,8,8,4,5,19200000.0
Pesos,C#,Colombiana con mercado extranjero,Remoto,Laboral,4,4,4,4,98000000.0
Pesos,Javascript,Extranjera,Híbrido,Laboral,6,6,1,5,150000000.0
Pesos,Python,Colombiana con mercado extranjero,Remoto,Laboral,2,2,3,5,72000000.0
Pesos,Javascript,Colombiana con mercado nacional,Híbrido,Laboral,8,8,2,5,84500000.0
Pesos,Javascript,Extranjera,Remoto,Laboral,14,14,3,5,313688000.0
Pesos,Python,Extranjera,Híbrido,Laboral,12,12,4,5,132000000.0
Pesos,Javascript,Colombiana con mercado extranjero,Remoto,Prestación de servicios/Contractor/Independiente,3,3,2,5,37000000.0
Pesos,Java,Extranjera,Remoto,Laboral,20,20,2,3,225000000.0
Pesos,Python,Colombiana con mercado nacional,Presencial,Prestación de servicios/Contractor/Independiente,1,1,2,5,48000000.0
Dólares,Javascript,Extranjera,Remoto,Prestación de servicios/Contractor/Independiente,12,12,3,5,120000.0
Pesos,Python,Colombiana con mercado extranjero,Híbrido,Laboral,6,6,4,5,92000000.0
Dólares,Go,Extranjera,Remoto,Prestación de servicios/Contractor/Independiente,5,5,4,6,100000.0
Pesos,Python,Colombiana con mercado nacional,Remoto,Laboral,1,1,1,5,44000000.0
Dólares,Typescript,Extranjera,Remoto,Prestación de servicios/Contractor/Independiente,5,5,2,5,60000.0
Dólares,Elixir,Soy independiente (Freelance),Remoto,Prestación de servicios/Contractor/Independiente,6,6,4,5,0.0
Pesos,C#,Colombiana con mercado extranjero,Remoto,Prestación de servicios/Contractor/Independiente,7,7,1,5,119911200.0
Pesos,C#,Colombiana con mercado extranjero,Remoto,Laboral,7,7,2,5,98000000.0
Pesos,Javascript,Colombiana con mercado nacional,Remoto,Laboral,4,4,3,6,38400000.0
Pesos,Python,Extranjera,Remoto,Prestación de servicios/Contractor/Independiente,2,2,3,5,60000000.0
Pesos,Python,Colombiana con mercado extranjero,Remoto,Laboral,17,17,3,5,190000000.0
Pesos,Javascript,Colombiana con mercado extranjero,Remoto,Laboral,17,17,2,6,12000000.0
Pesos,Kotlin,Colombiana con mercado extranjero,Híbrido,Laboral,10,10,1,5,24000000.0
Dólares,C#,Soy independiente (Freelance),Remoto,Prestación de servicios/Contractor/Independiente,6,6,4,6,85000.0
Pesos,C#,Colombiana con mercado nacional,Híbrido,Laboral,4,4,2,5,82000000.0
Pesos,Typescript,Colombiana con mercado nacional,Híbrido,Laboral,2,2,2,5,24350000.0
Dólares,Otro lenguaje de programación,Extranjera,Remoto,Prestación de servicios/Contractor/Independiente,3,3,2,3,21240.0
Pesos,Python,Extranjera,Remoto,Laboral,8,8,3,5,204000000.0
Pesos,Typescript,Colombiana con mercado extranjero,Remoto,Laboral,3,3,2,5,53303699.0
Pesos,Python,Colombiana con mercado extranjero,Remoto,Laboral,2,2,4,5,106800000.0
Pesos,Java,Extranjera,Remoto,Laboral,4,4,4,5,57600000.0
Pesos,Java,Extranjera,Remoto,Laboral,4,4,2,5,60000000.0
Pesos,Python,Extranjera,Remoto,Laboral,6,6,4,6,228000000.0
Pesos,Javascript,Extranjera,Remoto,Laboral,4,4,4,5,103600000.0
Pesos,Javascript,Extranjera,Remoto,Laboral,10,10,2,5,182000000.0
Pesos,Python,Colombiana con mercado nacional,Remoto,Laboral,5,5,4,5,150000000.0
Pesos,Swift/Objective C,Colombiana con mercado nacional,Remoto,Laboral,5,5,2,6,140000000.0
Pesos,Go,Colombiana con mercado nacional,Remoto,Prestación de servicios/Contractor/Independiente,4,4,4,2,15000000.0
Pesos,Typescript,Colombiana con mercado extranjero,Remoto,Laboral,8,8,3,6,234000000.0
Pesos,Java,Colombiana con mercado extranjero,Remoto,Laboral,4,4,2,5,75600000.0
Dólares,Javascript,Extranjera,Remoto,Prestación de servicios/Contractor/Independiente,7,7,4,6,98820.0
Pesos,Typescript,Colombiana con mercado extranjero,Remoto,Laboral,5,5,4,4,240000000.0
Pesos,C#,Extranjera,Remoto,Laboral,10,10,2,6,75000000.0
Pesos,Otro lenguaje de programación,Extranjera,Remoto,Laboral,16,16,4,5,23000000.0
Pesos,Javascript,Soy independiente (Freelance),Remoto,Prestación de servicios/Contractor/Independiente,5,5,4,5,36000000.0
Pesos,Typescript,Colombiana con mercado extranjero,Remoto,Laboral,1,1,3,5,63000000.0
Dólares,Javascript,Extranjera,Remoto,Prestación de servicios/Contractor/Independiente,8,8,2,5,48000.0
Pesos,Swift/Objective C,Extranjera,Híbrido,Laboral,11,11,4,5,600000000.0
Pesos,Javascript,Colombiana con mercado extranjero,Remoto,Laboral,13,13,3,5,240000000.0
Dólares,Typescript,Extranjera,Remoto,Prestación de servicios/Contractor/Independiente,4,4,3,2,45600.0
Pesos,Kotlin,Extranjera,Remoto,Laboral,10,10,4,5,222000000.0
Pesos,Python,Colombiana con mercado extranjero,Remoto,Laboral,11,11,4,5,390000000.0
Dólares,Scala,Extranjera,Remoto,Prestación de servicios/Contractor/Independiente,12,12,4,5,180000.0
Dólares,C#,Extranjera,Remoto,Prestación de servicios/Contractor/Independiente,10,10,3,5,90000.0
Dólares,Javascript,Extranjera,Remoto,Prestación de servicios/Contractor/Independiente,8,8,4,5,65000.0
Pesos,Typescript,Colombiana con mercado extranjero,Remoto,Laboral,2,2,2,5,89400000.0
Pesos,Ruby,Colombiana con mercado nacional,Remoto,Laboral,12,12,1,5,126100000.0
Pesos,Java,Extranjera,Remoto,Laboral,12,12,3,5,11000000.0
Pesos,Soy Manager,Colombiana con mercado extranjero,Remoto,Laboral,12,12,3,6,15500000.0
Pesos,Soy Manager,Colombiana con mercado extranjero,Remoto,Laboral,12,12,4,6,328000000.0
Dólares,Python,Extranjera,Remoto,Prestación de servicios/Contractor/Independiente,5,5,1,5,28800.0
Dólares,Python,Extranjera,Remoto,Prestación de servicios/Contractor/Independiente,7,7,4,5,65000.0
Dólares,Javascript,Extranjera,Remoto,Prestación de servicios/Contractor/Independiente,10,10,3,5,65000.0
Dólares,Ruby,Extranjera,Remoto,Prestación de servicios/Contractor/Independiente,15,15,3,5,7200.0
Dólares,Go,Extranjera,Remoto,Prestación de servicios/Contractor/Independiente,10,10,3,5,96000.0
Pesos,Java,Colombiana con mercado nacional,Híbrido,Laboral,5,5,1,5,150000000.0
Pesos,Typescript,Colombiana con mercado extranjero,Remoto,Laboral,3,3,4,5,86000000.0
Pesos,Python,Extranjera,Remoto,Laboral,9,9,3,6,330000000.0
Dólares,Python,Extranjera,Remoto,Prestación de servicios/Contractor/Independiente,2,2,4,5,24000.0
Pesos,Java,Extranjera,Remoto,Prestación de servicios/Contractor/Independiente,6,6,4,6,146400000.0
Pesos,C#,Colombiana con mercado extranjero,Remoto,Laboral,6,6,3,6,39360000.0
Pesos,Python,Colombiana con mercado extranjero,Remoto,Laboral,5,5,2,5,84000000.0
Pesos,Visual Basic,Colombiana con mercado nacional,Presencial,Laboral,4,4,3,5,28800000.0
Pesos,Typescript,Colombiana con mercado nacional,Remoto,Prestación de servicios/Contractor/Independiente,0,0,3,5,16800000.0
Pesos,Python,Colombiana con mercado extranjero,Remoto,Laboral,2,2,3,5,96000000.0
Pesos,Javascript,Soy independiente (Freelance),Remoto,Prestación de servicios/Contractor/Independiente,20,20,2,5,220000000.0
Pesos,Dart,Extranjera,Remoto,Laboral,3,3,2,5,78000000.0
Pesos,Python,Colombiana con mercado nacional,Remoto,Prestación de servicios/Contractor/Independiente,7,7,1,6,73000000.0
Dólares,Go,Extranjera,Remoto,Prestación de servicios/Contractor/Independiente,5,5,1,5,37000.0
Pesos,Go,Extranjera,Híbrido,Laboral,8,8,2,5,160000000.0
Pesos,PHP,Extranjera,Remoto,Laboral,15,15,4,6,360000000.0
Pesos,Javascript,Extranjera,Remoto,Laboral,5,5,4,6,91200000.0
Pesos,Java,Soy independiente (Freelance),Remoto,Prestación de servicios/Contractor/Independiente,1,1,3,5,30000000.0
Pesos,PHP,Extranjera,Remoto,Laboral,10,10,3,6,108000000.0
Pesos,Typescript,Colombiana con mercado nacional,Híbrido,Laboral,3,3,2,5,0.0
Pesos,Java,Colombiana con mercado extranjero,Híbrido,Laboral,19,19,1,5,155000000.0
Pesos,Java,Colombiana con mercado nacional,Híbrido,Laboral,10,10,2,5,99444000.0
Dólares,Typescript,Extranjera,Remoto,Prestación de servicios/Contractor/Independiente,15,15,4,5,72000.0
Pesos,Java,Colombiana con mercado nacional,Híbrido,Laboral,10,10,3,5,180000000.0
Pesos,Java,Extranjera,Remoto,Laboral,14,14,3,5,22000000.0
Pesos,C#,Extranjera,Remoto,Laboral,3,3,3,5,0.0
Pesos,Java,Colombiana con mercado nacional,Remoto,Laboral,20,20,0,6,10500000.0
Dólares,Typescript,Extranjera,Remoto,Prestación de servicios/Contractor/Independiente,3,3,4,5,24000.0
Pesos,Python,Extranjera,Remoto,Laboral,4,4,4,5,89000000.0
Pesos,Python,Extranjera,Híbrido,Laboral,7,7,1,4,115000000.0
Pesos,Javascript,Extranjera,Remoto,Laboral,12,12,3,5,264000000.0
Pesos,Javascript,Extranjera,Remoto,Laboral,39,39,4,6,21000000.0
Pesos,Java,Colombiana con mercado extranjero,Remoto,Laboral,5,5,3,5,113000000.0
Pesos,Soy Manager,Extranjera,Remoto,Laboral,15,15,4,6,384900000.0
Pesos,Javascript,Colombiana con mercado extranjero,Remoto,Laboral,12,12,4,5,350000000.0
Pesos,Javascript,Colombiana con mercado nacional,Remoto,Laboral,1,1,4,5,45000000.0
Pesos,Javascript,Extranjera,Remoto,Laboral,7,7,3,5,246000000.0
Pesos,Elixir,Colombiana con mercado nacional,Remoto,Laboral,20,20,1,6,288000000.0
Pesos,PHP,Colombiana con mercado extranjero,Híbrido,Laboral,13,13,3,5,276000000.0
Pesos,Otro lenguaje de programación,Colombiana con mercado extranjero,Remoto,Laboral,9,9,3,6,232000000.0
Pesos,SQL,Extranjera,Remoto,Prestación de servicios/Contractor/Independiente,0,0,2,6,40000000.0
Dólares,Java,Extranjera,Remoto,Prestación de servicios/Contractor/Independiente,13,13,3,5,70770.0
Pesos,Elixir,Colombiana con mercado nacional,Remoto,Laboral,9,9,4,5,290000000.0
Pesos,Typescript,Extranjera,Remoto,Laboral,5,5,0,6,70000000.0
Dólares,Javascript,Extranjera,Remoto,Prestación de servicios/Contractor/Independiente,8,8,4,5,72000.0
Pesos,Soy Manager,Colombiana con mercado extranjero,Remoto,Laboral,10,10,4,5,600000000.0
Dólares,Ruby,Extranjera,Remoto,Prestación de servicios/Contractor/Independiente,14,14,4,6,115200.0
Pesos,C#,Colombiana con mercado extranjero,Remoto,Laboral,20,20,3,6,222000000.0
Pesos,Typescript,Colombiana con mercado nacional,Remoto,Laboral,10,10,4,5,283200000.0
Dólares,Go,Extranjera,Remoto,Prestación de servicios/Contractor/Independiente,12,12,4,5,182000.0
Pesos,Python,Colombiana con mercado extranjero,Híbrido,Laboral,5,5,4,6,100000000.0
Pesos,C#,Extranjera,Remoto,Laboral,14,14,3,6,12000000.0
Pesos,Javascript,Extranjera,Remoto,Laboral,10,10,1,5,140000000.0
Pesos,C#,Colombiana con mercado extranjero,Remoto,Laboral,8,8,4,2,180000000.0
Pesos,Ruby,Colombiana con mercado extranjero,Remoto,Laboral,12,12,4,6,180000000.0
Pesos,Python,Extranjera,Remoto,Laboral,5,5,4,5,240000000.0
Dólares,Javascript,Extranjera,Remoto,Prestación de servicios/Contractor/Independiente,8,8,4,5,100000.0
Pesos,C++,Colombiana con mercado extranjero,Remoto,Laboral,6,6,4,6,130000000.0
Pesos,Javascript,Colombiana con mercado extranjero,Remoto,Laboral,10,10,3,3,134000000.0
Dólares,PHP,Extranjera,Remoto,Prestación de servicios/Contractor/Independiente,19,19,3,4,66000.0
Pesos,Java,Extranjera,Remoto,Laboral,8,8,4,6,210000000.0
Pesos,Python,Colombiana con mercado extranjero,Remoto,Laboral,10,10,3,5,226800000.0
Dólares,Typescript,Extranjera,Remoto,Prestación de servicios/Contractor/Independiente,6,6,4,5,66046.0
Pesos,Java,Extranjera,Híbrido,Laboral,1,1,1,5,84000000.0
Pesos,Python,Colombiana con mercado extranjero,Remoto,Laboral,8,8,4,5,15000000.0
Pesos,Typescript,Extranjera,Remoto,Laboral,3,3,4,2,194000000.0
Dólares,Python,Extranjera,Remoto,Prestación de servicios/Contractor/Independiente,9,9,4,5,240000.0
Pesos,Typescript,Colombiana con mercado nacional,Presencial,Prestación de servicios/Contractor/Independiente,3,3,3,1,54000000.0
Dólares,Elixir,Extranjera,Remoto,Prestación de servicios/Contractor/Independiente,18,18,4,6,11300.0
Dólares,Typescript,Extranjera,Remoto,Prestación de servicios/Contractor/Independiente,8,8,4,6,42000.0
Pesos,Java,Colombiana con mercado extranjero,Híbrido,Laboral,8,8,4,6,150000000.0
Pesos,PHP,Colombiana con mercado nacional,Remoto,Prestación de servicios/Contractor/Independiente,3,3,3,5,70000000.0
Dólares,Typescript,Extranjera,Remoto,Prestación de servicios/Contractor/Independiente,5,5,3,5,49200.0
Dólares,Typescript,Extranjera,Remoto,Prestación de servicios/Contractor/Independiente,4,4,2,5,12000.0
Dólares,Typescript,Extranjera,Remoto,Prestación de servicios/Contractor/Independiente,6,6,4,5,49500.0
Pesos,Java,Extranjera,Remoto,Laboral,9,9,3,6,160000000.0
Pesos,Python,Colombiana con mercado nacional,Híbrido,Laboral,2,2,2,4,54000000.0
Pesos,PHP,Soy independiente (Freelance),Remoto,Prestación de servicios/Contractor/Independiente,6,6,4,6,145000000.0
Pesos,Ruby,Extranjera,Remoto,Laboral,15,15,4,5,192000000.0
Pesos,Typescript,Colombiana con mercado extranjero,Remoto,Laboral,10,10,2,5,16000000.0
Pesos,Javascript,Colombiana con mercado nacional,Remoto,Laboral,4,4,2,4,105140000.0
Pesos,Python,Colombiana con mercado nacional,Híbrido,Laboral,3,3,3,5,139000000.0
Pesos,Kotlin,Extranjera,Remoto,Laboral,4,4,4,6,67000000.0
Dólares,Typescript,Extranjera,Remoto,Prestación de servicios/Contractor/Independiente,5,5,4,5,70550.0
Pesos,Java,Extranjera,Remoto,Laboral,13,13,3,6,215576400.0
Pesos,Swift/Objective C,Extranjera,Remoto,Laboral,13,13,4,5,271000000.0
Pesos,Javascript,Extranjera,Remoto,Laboral,11,11,1,5,109000000.0
Pesos,Typescript,Extranjera,Remoto,Laboral,3,3,2,5,91000000.0
Pesos,Soy Manager,Colombiana con mercado nacional,Remoto,Laboral,20,20,4,6,150000000.0
Pesos,Javascript,Colombiana con mercado extranjero,Remoto,Laboral,7,7,3,5,140000000.0
Dólares,Typescript,Extranjera,Remoto,Prestación de servicios/Contractor/Independiente,7,7,4,5,48960.0
Dólares,Javascript,Extranjera,Remoto,Prestación de servicios/Contractor/Independiente,11,11,4,6,96000.0
Pesos,Javascript,Colombiana con mercado nacional,Remoto,Laboral,3,3,4,5,42000000.0
Dólares,Javascript,Extranjera,Remoto,Prestación de servicios/Contractor/Independiente,10,10,4,2,90000.0
Pesos,Typescript,Colombiana con mercado extranjero,Remoto,Laboral,3,3,3,3,31000000.0
Dólares,Javascript,Extranjera,Remoto,Prestación de servicios/Contractor/Independiente,7,7,4,5,50400.0
Pesos,Javascript,Colombiana con mercado extranjero,Presencial,Laboral,4,4,0,3,27700000.0
Dólares,Javascript,Extranjera,Remoto,Prestación de servicios/Contractor/Independiente,5,5,1,5,0.0
Pesos,Javascript,Extranjera,Remoto,Laboral,15,15,2,5,0.0
Pesos,Typescript,Colombiana con mercado extranjero,Remoto,Laboral,6,6,4,5,95700000.0
Pesos,Dart,Extranjera,Remoto,Laboral,4,4,4,5,90000000.0
Pesos,Python,Colombiana con mercado extranjero,Remoto,Laboral,3,3,3,5,52000000.0
Pesos,Python,Extranjera,Remoto,Laboral,8,8,4,6,275000000.0
Pesos,Kotlin,Colombiana con mercado extranjero,Remoto,Laboral,5,5,2,2,133000000.0
Pesos,Python,Colombiana con mercado extranjero,Remoto,Laboral,1,1,2,5,58900000.0
Pesos,Dart,Colombiana con mercado extranjero,Remoto,Laboral,8,8,3,6,125000000.0
Pesos,Javascript,Soy independiente (Freelance),Remoto,Prestación de servicios/Contractor/Independiente,7,7,2,5,38000000.0
Pesos,Java,Colombiana con mercado extranjero,Remoto,Laboral,6,6,3,5,110000000.0
Pesos,PHP,Colombiana con mercado nacional,Híbrido,Laboral,2,2,3,2,45000000.0
Pesos,Typescript,Colombiana con mercado nacional,Remoto,Laboral,3,3,3,5,24000000.0
Pesos,Javascript,Extranjera,Remoto,Laboral,7,7,2,5,162924000.0
Dólares,C#,Colombiana con mercado nacional,Remoto,Prestación de servicios/Contractor/Independiente,20,20,4,4,8000.0
Pesos,Javascript,Colombiana con mercado nacional,Remoto,Laboral,10,10,2,4,101400000.0
Dólares,Typescript,Extranjera,Remoto,Prestación de servicios/Contractor/Independiente,9,9,2,5,108000.0
Dólares,Ruby,Extranjera,Remoto,Prestación de servicios/Contractor/Independiente,6,6,4,5,120000.0
Pesos,Kotlin,Extranjera,Remoto,Laboral,8,8,4,6,18505500.0
Pesos,Otro lenguaje de programación,Colombiana con mercado extranjero,Remoto,Laboral,4,4,3,5,109200000.0
Pesos,Javascript,Colombiana con mercado nacional,Remoto,Prestación de servicios/Contractor/Independiente,3,3,4,2,18000000.0
Dólares,Java,Extranjera,Remoto,Prestación de servicios/Contractor/Independiente,8,8,3,5,10000.0
Pesos,Otro lenguaje de programación,Colombiana con mercado extranjero,Híbrido,Prestación de servicios/Contractor/Independiente,1,1,2,3,13500000.0
Dólares,Go,Extranjera,Remoto,Prestación de servicios/Contractor/Independiente,8,8,3,4,50000.0
Pesos,Python,Colombiana con mercado extranjero,Remoto,Laboral,10,10,3,5,230000000.0
Pesos,Soy Manager,Extranjera,Remoto,Laboral,4,4,1,5,78000000.0
Dólares,Javascript,Extranjera,Remoto,Prestación de servicios/Contractor/Independiente,5,5,3,5,39000.0
Pesos,C#,Extranjera,Remoto,Laboral,17,17,2,5,147495120.0
Dólares,Go,Extranjera,Remoto,Prestación de servicios/Contractor/Independiente,8,8,3,6,50000.0
Pesos,Python,Colombiana con mercado nacional,Presencial,Prestación de servicios/Contractor/Independiente,5,5,2,3,40000000.0
Dólares,Ruby,Extranjera,Remoto,Laboral,1,1,0,3,0.0
Pesos,Python,Colombiana con mercado nacional,Remoto,Laboral,9,9,3,5,232000000.0
Pesos,Otro lenguaje de programación,Extranjera,Remoto,Laboral,4,4,3,5,123244000.0
Dólares,Python,Extranjera,Híbrido,Prestación de servicios/Contractor/Independiente,13,13,3,6,75000.0
Pesos,Go,Colombiana con mercado extranjero,Remoto,Laboral,4,4,3,5,147000000.0
Pesos,PHP,Colombiana con mercado nacional,Remoto,Prestación de servicios/Contractor/Independiente,3,3,2,4,30000000.0
Dólares,Typescript,Extranjera,Remoto,Prestación de servicios/Contractor/Independiente,3,3,4,5,15600.0
Pesos,Java,Colombiana con mercado extranjero,Remoto,Laboral,10,10,2,5,290000000.0
Pesos,Elixir,Colombiana con mercado nacional,Híbrido,Laboral,9,9,3,5,250000000.0
Dólares,Python,Colombiana con mercado nacional,Remoto,Prestación de servicios/Contractor/Independiente,6,6,2,5,42000.0
Pesos,Python,Extranjera,Remoto,Laboral,4,4,2,6,170000000.0
Pesos,Python,Extranjera,Híbrido,Laboral,4,4,3,5,93600000.0
Dólares,PHP,Colombiana con mercado extranjero,Remoto,Prestación de servicios/Contractor/Independiente,8,8,3,5,48000.0
Dólares,Python,Extranjera,Remoto,Prestación de servicios/Contractor/Independiente,5,5,4,5,85000.0
Pesos,Typescript,Colombiana con mercado nacional,Remoto,Laboral,3,3,4,4,78000000.0
Dólares,Python,Soy independiente (Freelance),Remoto,Prestación de servicios/Contractor/Independiente,3,3,3,2,16800.0
Pesos,Python,Colombiana con mercado nacional,Remoto,Laboral,4,4,3,5,140000000.0
Pesos,Soy Manager,Colombiana con mercado extranjero,Híbrido,Laboral,5,5,3,6,112000000.0
Pesos,Typescript,Colombiana con mercado nacional,Híbrido,Prestación de servicios/Contractor/Independiente,3,3,3,5,96000000.0
Pesos,Otro lenguaje de programación,Extranjera,Remoto,Laboral,0,0,3,3,72000000.0
Pesos,Java,Extranjera,Remoto,Laboral,12,12,2,5,12000000.0
Pesos,PHP,Colombiana con mercado nacional,Presencial,Prestación de servicios/Contractor/Independiente,1,1,1,4,50000000.0
Pesos,Javascript,Colombiana con mercado nacional,Remoto,Laboral,5,5,2,5,235000000.0
Pesos,Java,Extranjera,Remoto,Laboral,9,9,3,6,240000000.0
Pesos,C#,Extranjera,Remoto,Laboral,17,17,3,2,196000000.0
Pesos,Go,Extranjera,Híbrido,Laboral,8,8,0,5,228000000.0
Pesos,Go,Extranjera,Remoto,Laboral,5,5,0,5,106000000.0
Pesos,Javascript,Colombiana con mercado extranjero,Remoto,Laboral,7,7,3,5,226800000.0
Pesos,Python,Colombiana con mercado extranjero,Híbrido,Laboral,3,3,3,6,147751387.2
Pesos,Python,Extranjera,Remoto,Laboral,7,7,3,5,32000000.0
Pesos,Javascript,Extranjera,Remoto,Prestación de servicios/Contractor/Independiente,3,3,4,2,164000000.0
Pesos,Soy Manager,Colombiana con mercado nacional,Remoto,Laboral,13,13,3,6,96000000.0
Pesos,C#,Colombiana con mercado extranjero,Remoto,Laboral,12,12,1,6,156000000.0
Pesos,Python,Colombiana con mercado nacional,Remoto,Laboral,3,3,4,5,69966000.0
Dólares,Ruby,Extranjera,Remoto,Prestación de servicios/Contractor/Independiente,14,14,4,6,98000.0
Pesos,Dart,Colombiana con mercado nacional,Híbrido,Laboral,9,9,3,5,287500000.0
Pesos,Typescript,Colombiana con mercado extranjero,Híbrido,Laboral,12,12,3,5,350600000.0
Pesos,Java,Extranjera,Remoto,Laboral,10,10,4,2,400000000.0
Dólares,Javascript,Extranjera,Remoto,Prestación de servicios/Contractor/Independiente,7,7,3,5,64400.0
Pesos,Typescript,Colombiana con mercado nacional,Presencial,Laboral,0,0,4,5,36000000.0
Pesos,Python,Extranjera,Remoto,Laboral,3,3,4,5,110000000.0
Dólares,Typescript,Extranjera,Remoto,Prestación de servicios/Contractor/Independiente,8,8,4,6,11666.0
Pesos,Java,Colombiana con mercado nacional,Remoto,Laboral,13,13,3,5,128700000.0
Pesos,Javascript,Extranjera,Remoto,Laboral,6,6,3,6,145000000.0
Dólares,Javascript,Extranjera,Remoto,Laboral,2,2,4,5,16000.0
Dólares,Javascript,Extranjera,Híbrido,Prestación de servicios/Contractor/Independiente,8,8,3,5,70000.0
Dólares,Typescript,Extranjera,Remoto,Prestación de servicios/Contractor/Independiente,8,8,3,5,72000.0
Dólares,Typescript,Extranjera,Remoto,Prestación de servicios/Contractor/Independiente,1,1,3,5,6500.0
Pesos,Javascript,Colombiana con mercado nacional,Remoto,Laboral,25,25,0,6,110000000.0
Pesos,Java,Colombiana con mercado nacional,Remoto,Prestación de servicios/Contractor/Independiente,8,8,3,5,20000000.0
Dólares,Dart,Extranjera,Remoto,Prestación de servicios/Contractor/Independiente,10,10,3,5,84000.0
Pesos,Typescript,Extranjera,Remoto,Laboral,4,4,2,3,103000000.0
Pesos,Typescript,Colombiana con mercado extranjero,Remoto,Laboral,2,2,3,4,71000000.0
Pesos,Python,Colombiana con mercado extranjero,Híbrido,Laboral,18,18,3,5,236000000.0
Pesos,Javascript,Extranjera,Remoto,Laboral,12,12,3,5,104000000.0
Dólares,Typescript,Extranjera,Remoto,Prestación de servicios/Contractor/Independiente,7,7,3,5,78000.0
Dólares,Typescript,Colombiana con mercado nacional,Remoto,Prestación de servicios/Contractor/Independiente,4,4,3,2,48000.0
Pesos,Typescript,Colombiana con mercado extranjero,Remoto,Laboral,20,20,4,6,306000000.0
Pesos,PHP,Colombiana con mercado nacional,Remoto,Laboral,3,3,1,4,37800000.0
Dólares,Python,Colombiana con mercado extranjero,Híbrido,Prestación de servicios/Contractor/Independiente,23,23,3,6,52000.0
Dólares,Javascript,Extranjera,Remoto,Prestación de servicios/Contractor/Independiente,5,5,2,6,38400.0
Dólares,C#,Extranjera,Remoto,Prestación de servicios/Contractor/Independiente,13,13,0,6,57430.0
Dólares,Dart,Extranjera,Remoto,Prestación de servicios/Contractor/Independiente,4,4,4,5,110000.0
Dólares,Typescript,Extranjera,Remoto,Prestación de servicios/Contractor/Independiente,3,3,3,2,42000.0
Dólares,Swift/Objective C,Extranjera,Remoto,Prestación de servicios/Contractor/Independiente,3,3,1,3,36000.0
Pesos,Python,Extranjera,Híbrido,Laboral,1,1,4,5,50300000.0
Dólares,Typescript,Extranjera,Remoto,Prestación de servicios/Contractor/Independiente,3,3,3,6,0.0
Pesos,Javascript,Colombiana con mercado extranjero,Remoto,Laboral,4,4,3,5,145000000.0
Pesos,Typescript,Colombiana con mercado extranjero,Remoto,Laboral,4,4,2,5,54000000.0
Pesos,Python,Colombiana con mercado nacional,Híbrido,Laboral,3,3,2,5,52000000.0
Pesos,Kotlin,Colombiana con mercado extranjero,Remoto,Laboral,11,11,3,6,22000000.0
Pesos,Java,Colombiana con mercado extranjero,Remoto,Laboral,3,3,4,4,105000000.0
Pesos,Javascript,Colombiana con mercado nacional,Remoto,Laboral,15,15,2,6,91000000.0
Pesos,Python,Colombiana con mercado nacional,Híbrido,Laboral,3,3,4,5,84000000.0
Pesos,C#,Colombiana con mercado nacional,Remoto,Laboral,10,10,2,5,78000000.0
Dólares,C#,Extranjera,Remoto,Prestación de servicios/Contractor/Independiente,9,9,2,2,0.0
Pesos,Typescript,Colombiana con mercado extranjero,Remoto,Laboral,5,5,0,4,60000000.0
Pesos,Javascript,Colombiana con mercado nacional,Remoto,Laboral,2,2,3,6,57000000.0
Pesos,Java,Colombiana con mercado nacional,Remoto,Laboral,6,6,1,6,10500000.0
Pesos,Typescript,Extranjera,Híbrido,Laboral,3,3,4,5,134200000.0
Dólares,Javascript,Extranjera,Remoto,Prestación de servicios/Contractor/Independiente,4,4,4,6,40000.0
Pesos,SQL,Colombiana con mercado extranjero,Remoto,Laboral,4,4,2,5,20000000.0
Pesos,Javascript,Soy independiente (Freelance),Híbrido,Prestación de servicios/Contractor/Independiente,15,15,4,6,80000000.0
Pesos,ABAP,Extranjera,Remoto,Laboral,8,8,2,5,133000000.0
Pesos,Java,Colombiana con mercado nacional,Remoto,Prestación de servicios/Contractor/Independiente,6,6,1,5,126000000.0
Pesos,C#,Colombiana con mercado extranjero,Remoto,Laboral,10,10,3,5,169000000.0
Pesos,Scala,Extranjera,Híbrido,Laboral,2,2,4,3,110000000.0
Dólares,Java,Colombiana con mercado nacional,Remoto,Laboral,7,7,2,6,50000.0
Pesos,Python,Extranjera,Remoto,Laboral,10,10,3,2,165000000.0
Dólares,Javascript,Extranjera,Remoto,Prestación de servicios/Contractor/Independiente,8,8,4,4,60500.0
Pesos,Typescript,Colombiana con mercado nacional,Remoto,Laboral,8,8,1,4,48000000.0
Dólares,Python,Extranjera,Remoto,Prestación de servicios/Contractor/Independiente,15,15,4,5,99000.0
Pesos,Ruby,Colombiana con mercado extranjero,Remoto,Laboral,15,15,4,5,229500000.0
Dólares,Typescript,Extranjera,Remoto,Prestación de servicios/Contractor/Independiente,12,12,3,4,90000.0
Dólares,Kotlin,Soy independiente (Freelance),Remoto,Prestación de servicios/Contractor/Independiente,8,8,4,5,0.0
Pesos,C#,Colombiana con mercado extranjero,Híbrido,Laboral,6,6,3,5,74800000.0
Pesos,Javascript,Extranjera,Híbrido,Laboral,10,10,1,6,231636000.0
Pesos,Go,Extranjera,Remoto,Laboral,4,4,4,2,120000000.0
Pesos,Typescript,Colombiana con mercado nacional,Presencial,Laboral,3,3,0,5,39216000.0
Dólares,Typescript,Extranjera,Remoto,Prestación de servicios/Contractor/Independiente,12,12,4,6,170000.0
Pesos,Javascript,Colombiana con mercado extranjero,Remoto,Laboral,5,5,4,5,50400000.0
Pesos,C#,Colombiana con mercado extranjero,Remoto,Laboral,8,8,3,6,222066000.0
Pesos,Python,Colombiana con mercado extranjero,Remoto,Laboral,8,8,2,6,150000000.0
Pesos,Java,Colombiana con mercado extranjero,Híbrido,Laboral,1,1,2,3,49000000.0
Pesos,Javascript,Colombiana con mercado extranjero,Remoto,Laboral,6,6,3,5,60000000.0
Pesos,Javascript,Colombiana con mercado nacional,Remoto,Laboral,2,2,1,3,0.0
Pesos,Python,Extranjera,Híbrido,Laboral,10,10,4,6,460000000.0
Pesos,Javascript,Colombiana con mercado extranjero,Remoto,Laboral,2,2,3,5,111000000.0
Pesos,Python,Extranjera,Remoto,Laboral,7,7,4,5,12000000.0
Pesos,C#,Colombiana con mercado extranjero,Remoto,Laboral,2,2,3,4,50000000.0
Pesos,Javascript,Colombiana con mercado extranjero,Remoto,Laboral,7,7,1,5,60500000.0
Pesos,Javascript,Colombiana con mercado nacional,Remoto,Laboral,4,4,2,5,95000000.0
Pesos,C#,Extranjera,Híbrido,Laboral,2,2,1,5,35868800.0
Pesos,Typescript,Colombiana con mercado extranjero,Remoto,Laboral,13,13,0,3,18000000.0
Pesos,Javascript,Colombiana con mercado extranjero,Híbrido,Prestación de servicios/Contractor/Independiente,8,8,4,5,45000000.0
Dólares,Typescript,Extranjera,Remoto,Prestación de servicios/Contractor/Independiente,7,7,3,5,36000.0
Pesos,Typescript,Soy independiente (Freelance),Remoto,Prestación de servicios/Contractor/Independiente,8,8,2,5,96000000.0
Pesos,Javascript,Colombiana con mercado nacional,Presencial,Laboral,7,7,0,5,90000000.0
Pesos,Typescript,Colombiana con mercado nacional,Remoto,Laboral,4,4,2,6,78000000.0
Dólares,Ruby,Extranjera,Remoto,Prestación de servicios/Contractor/Independiente,10,10,4,4,52800.0
Pesos,Typescript,Colombiana con mercado extranjero,Remoto,Laboral,7,7,4,5,190000000.0
Pesos,Soy Manager,Colombiana con mercado extranjero,Remoto,Laboral,3,3,4,5,82000000.0
Pesos,Javascript,Extranjera,Remoto,Laboral,5,5,2,4,52000000.0
Pesos,Javascript,Colombiana con mercado extranjero,Remoto,Prestación de servicios/Contractor/Independiente,0,0,3,2,36000000.0
Pesos,Typescript,Extranjera,Híbrido,Laboral,1,1,2,4,38350000.0
Pesos,Go,Extranjera,Híbrido,Laboral,2,2,1,2,108000000.0
Pesos,Javascript,Colombiana con mercado extranjero,Remoto,Laboral,2,2,1,5,98000000.0
Pesos,Javascript,Colombiana con mercado extranjero,Híbrido,Laboral,12,12,4,4,260000000.0
Dólares,Javascript,Colombiana con mercado nacional,Remoto,Prestación de servicios/Contractor/Independiente,8,8,2,2,35000.0
Dólares,Typescript,Extranjera,Remoto,Prestación de servicios/Contractor/Independiente,5,5,1,3,36000.0
Dólares,Javascript,Soy independiente (Freelance),Remoto,Prestación de servicios/Contractor/Independiente,12,12,4,5,150000.0
Pesos,Ruby,Extranjera,Remoto,Laboral,7,7,3,6,192000000.0
Pesos,Javascript,Colombiana con mercado nacional,Remoto,Prestación de servicios/Contractor/Independiente,8,8,3,2,200000000.0
Pesos,Python,Extranjera,Remoto,Laboral,23,23,3,6,21300000.0
Pesos,C#,Colombiana con mercado extranjero,Remoto,Laboral,13,13,2,4,145000000.0
Pesos,Java,Colombiana con mercado nacional,Híbrido,Prestación de servicios/Contractor/Independiente,1,1,1,4,30000000.0
Dólares,Swift/Objective C,Colombiana con mercado extranjero,Remoto,Prestación de servicios/Contractor/Independiente,7,7,4,5,30000.0
Pesos,Javascript,Colombiana con mercado nacional,Híbrido,Laboral,2,2,3,5,15000000.0
Pesos,Javascript,Colombiana con mercado nacional,Híbrido,Laboral,2,2,2,5,48000000.0
Dólares,Ruby,Extranjera,Remoto,Prestación de servicios/Contractor/Independiente,15,15,3,5,66000.0
Pesos,PHP,Colombiana con mercado extranjero,Remoto,Laboral,5,5,2,5,108300000.0
Pesos,PHP,Colombiana con mercado extranjero,Presencial,Laboral,2,2,1,4,21792144.0
Pesos,Javascript,Colombiana con mercado extranjero,Remoto,Laboral,11,11,3,5,180000000.0
Dólares,Elixir,Extranjera,Remoto,Prestación de servicios/Contractor/Independiente,4,4,4,5,63600.0
Dólares,Typescript,Extranjera,Remoto,Prestación de servicios/Contractor/Independiente,7,7,3,5,62000.0
Pesos,Typescript,Colombiana con mercado nacional,Presencial,Laboral,1,1,2,3,37872000.0
Dólares,C#,Extranjera,Remoto,Prestación de servicios/Contractor/Independiente,3,3,2,5,37560.0
Dólares,C#,Extranjera,Remoto,Prestación de servicios/Contractor/Independiente,12,12,2,5,88000.0
Pesos,Javascript,Colombiana con mercado nacional,Remoto,Laboral,5,5,1,4,50000000.0
Pesos,Java,Extranjera,Remoto,Laboral,10,10,2,5,190000000.0
Dólares,Soy Manager,Extranjera,Remoto,Prestación de servicios/Contractor/Independiente,18,18,2,5,54000.0
Pesos,Swift/Objective C,Extranjera,Remoto,Laboral,7,7,4,5,400000000.0
Pesos,Python,Extranjera,Remoto,Laboral,6,6,4,6,334000000.0
Pesos,Javascript,Extranjera,Híbrido,Laboral,5,5,3,5,135200000.0
Pesos,Python,Colombiana con mercado extranjero,Remoto,Laboral,5,5,4,6,180000000.0
Pesos,Java,Colombiana con mercado extranjero,Remoto,Laboral,10,10,2,4,97200000.0
Pesos,Javascript,Colombiana con mercado extranjero,Híbrido,Laboral,3,3,2,6,70000000.0
Dólares,Kotlin,Extranjera,Remoto,Prestación de servicios/Contractor/Independiente,15,15,3,5,0.0
Pesos,Javascript,Colombiana con mercado nacional,Remoto,Prestación de servicios/Contractor/Independiente,3,3,3,5,120000000.0
Pesos,Java,Colombiana con mercado extranjero,Remoto,Laboral,6,6,3,6,200000000.0
Pesos,Javascript,Colombiana con mercado extranjero,Remoto,Laboral,4,4,4,5,110000000.0
Pesos,C++,Extranjera,Híbrido,Laboral,10,10,4,6,26500000.0
Pesos,Python,Colombiana con mercado nacional,Remoto,Laboral,5,5,1,5,84000000.0
Pesos,Go,Extranjera,Remoto,Laboral,7,7,2,5,200800000.0
Pesos,C#,Colombiana con mercado extranjero,Híbrido,Laboral,7,7,3,5,170000000.0
Dólares,Typescript,Extranjera,Remoto,Prestación de servicios/Contractor/Independiente,5,5,4,5,52000.0
Pesos,Java,Colombiana con mercado extranjero,Remoto,Laboral,7,7,3,5,108600000.0
Pesos,Python,Colombiana con mercado nacional,Remoto,Laboral,7,7,3,6,200000000.0
Pesos,Javascript,Extranjera,Remoto,Laboral,8,8,4,5,390000000.0
Pesos,Dart,Extranjera,Remoto,Laboral,5,5,1,5,175000000.0
Pesos,Javascript,Extranjera,Remoto,Laboral,10,10,4,5,132000000.0
Dólares,Typescript,Extranjera,Remoto,Prestación de servicios/Contractor/Independiente,13,13,4,2,110000.0
Dólares,Go,Extranjera,Remoto,Prestación de servicios/Contractor/Independiente,4,4,3,2,36000.0
Dólares,Python,Extranjera,Remoto,Prestación de servicios/Contractor/Independiente,6,6,4,5,75000.0
Pesos,Javascript,Colombiana con mercado nacional,Presencial,Laboral,2,2,2,5,42000000.0
Pesos,Typescript,Extranjera,Remoto,Prestación de servicios/Contractor/Independiente,2,2,3,5,78000000.0
Pesos,Javascript,Colombiana con mercado nacional,Presencial,Laboral,0,0,0,4,19220000.0
Pesos,Java,Extranjera,Remoto,Laboral,10,10,1,6,260000000.0
Pesos,Java,Colombiana con mercado nacional,Remoto,Laboral,12,12,2,6,191000000.0
Pesos,Typescript,Extranjera,Remoto,Laboral,14,14,4,5,636400000.0
Pesos,Typescript,Extranjera,Remoto,Laboral,12,12,3,5,235000000.0
Dólares,Javascript,Extranjera,Remoto,Prestación de servicios/Contractor/Independiente,6,6,4,2,30000.0
Pesos,Kotlin,Colombiana con mercado extranjero,Remoto,Laboral,9,9,3,3,204000000.0
Pesos,Typescript,Colombiana con mercado extranjero,Remoto,Laboral,9,9,1,5,252000000.0
Pesos,Typescript,Extranjera,Remoto,Laboral,4,4,2,5,219000000.0
Dólares,Javascript,Extranjera,Remoto,Prestación de servicios/Contractor/Independiente,8,8,4,5,80000.0
Pesos,Javascript,Colombiana con mercado extranjero,Remoto,Laboral,5,5,4,6,110000000.0
Pesos,Soy Manager,Colombiana con mercado extranjero,Híbrido,Laboral,16,16,2,6,0.0
Pesos,Javascript,Extranjera,Remoto,Laboral,4,4,4,6,109200000.0
Pesos,C#,Colombiana con mercado extranjero,Remoto,Laboral,2,2,4,5,58000000.0
Pesos,Javascript,Colombiana con mercado extranjero,Remoto,Prestación de servicios/Contractor/Independiente,2,2,4,5,48000000.0
Pesos,Javascript,Extranjera,Híbrido,Laboral,12,12,4,4,95000000.0
Pesos,PHP,Colombiana con mercado nacional,Remoto,Laboral,15,15,3,6,98000000.0
Dólares,Javascript,Extranjera,Remoto,Laboral,2,2,3,3,23400.0
Pesos,Java,Extranjera,Híbrido,Laboral,4,4,4,5,120000000.0
Pesos,Java,Colombiana con mercado extranjero,Remoto,Laboral,2,2,3,4,100000000.0
Pesos,Javascript,Colombiana con mercado nacional,Híbrido,Laboral,2,2,2,5,30000000.0
Pesos,Java,Colombiana con mercado nacional,Remoto,Laboral,17,17,4,6,260000000.0
Pesos,Typescript,Extranjera,Remoto,Laboral,6,6,3,5,205000000.0
Pesos,Javascript,Colombiana con mercado nacional,Remoto,Laboral,8,8,2,5,82000000.0
Dólares,Javascript,Extranjera,Remoto,Prestación de servicios/Contractor/Independiente,9,9,3,5,56700.0
Dólares,Javascript,Extranjera,Remoto,Prestación de servicios/Contractor/Independiente,9,9,2,5,44400.0
Pesos,Typescript,Colombiana con mercado nacional,Remoto,Laboral,3,3,0,4,100000000.0
Pesos,Javascript,Extranjera,Remoto,Laboral,7,7,4,5,228000000.0
Pesos,Kotlin,Extranjera,Híbrido,Laboral,15,15,3,5,418000000.0
Pesos,C#,Colombiana con mercado extranjero,Remoto,Laboral,22,22,2,3,22000000.0
Pesos,Java,Colombiana con mercado extranjero,Remoto,Laboral,18,18,3,3,280000000.0
Pesos,Go,Extranjera,Híbrido,Laboral,13,13,4,6,374000000.0
Dólares,C++,Soy independiente (Freelance),Remoto,Prestación de servicios/Contractor/Independiente,10,10,2,1,87000.0
Pesos,C#,Colombiana con mercado extranjero,Híbrido,Prestación de servicios/Contractor/Independiente,3,3,2,5,53000000.0
Pesos,Javascript,Colombiana con mercado extranjero,Remoto,Laboral,9,9,3,4,300000000.0
Pesos,Ruby,Extranjera,Híbrido,Laboral,15,15,4,5,204000000.0
Dólares,Typescript,Extranjera,Remoto,Prestación de servicios/Contractor/Independiente,6,6,2,5,84000.0
Dólares,Python,Extranjera,Remoto,Prestación de servicios/Contractor/Independiente,10,10,4,5,94000.0
Pesos,Java,Colombiana con mercado nacional,Remoto,Laboral,5,5,3,5,66000000.0
Pesos,C#,Colombiana con mercado extranjero,Remoto,Laboral,15,15,3,3,132000000.0
Dólares,Typescript,Extranjera,Remoto,Prestación de servicios/Contractor/Independiente,10,10,4,5,144000.0
Dólares,PHP,Extranjera,Remoto,Prestación de servicios/Contractor/Independiente,11,11,3,5,60000.0
Dólares,Typescript,Soy independiente (Freelance),Remoto,Prestación de servicios/Contractor/Independiente,15,15,2,5,48000.0
Pesos,Otro lenguaje de programación,Extranjera,Híbrido,Laboral,10,10,3,5,240000000.0
Pesos,Javascript,Colombiana con mercado extranjero,Híbrido,Laboral,8,8,2,5,30000000.0
Pesos,Java,Colombiana con mercado extranjero,Remoto,Laboral,10,10,1,3,139480000.0
Pesos,Python,Extranjera,Híbrido,Laboral,28,28,4,6,800000000.0
Dólares,Javascript,Extranjera,Remoto,Prestación de servicios/Contractor/Independiente,6,6,4,6,85200.0
Pesos,Ruby,Colombiana con mercado nacional,Remoto,Laboral,4,4,2,5,266000000.0
Pesos,Java,Colombiana con mercado nacional,Remoto,Laboral,3,3,2,5,48000000.0
Dólares,Python,Extranjera,Remoto,Prestación de servicios/Contractor/Independiente,20,20,4,6,135000.0
Pesos,Javascript,Colombiana con mercado extranjero,Remoto,Laboral,10,10,2,4,96000000.0
Dólares,Javascript,Soy independiente (Freelance),Remoto,Prestación de servicios/Contractor/Independiente,10,10,3,5,107640.0
Pesos,SQL,Colombiana con mercado extranjero,Presencial,Laboral,3,3,2,4,31000000.0
Pesos,Ruby,Colombiana con mercado nacional,Remoto,Laboral,10,10,4,6,500000000.0
Dólares,Javascript,Extranjera,Remoto,Prestación de servicios/Contractor/Independiente,3,3,4,5,0.0
Pesos,Python,Colombiana con mercado nacional,Presencial,Laboral,10,10,2,6,64000000.0
Pesos,Javascript,Colombiana con mercado extranjero,Híbrido,Laboral,7,7,1,5,137570000.0
Pesos,Go,Colombiana con mercado nacional,Híbrido,Laboral,3,3,2,6,103896000.0
Pesos,Otro lenguaje de programación,Extranjera,Híbrido,Prestación de servicios/Contractor/Independiente,0,0,3,5,54000000.0
Pesos,Typescript,Colombiana con mercado nacional,Remoto,Laboral,3,3,4,5,67200000.0
Pesos,Javascript,Colombiana con mercado extranjero,Remoto,Laboral,3,3,1,3,0.0
Dólares,Ruby,Extranjera,Remoto,Laboral,3,3,1,1,20009.0
Pesos,Javascript,Colombiana con mercado nacional,Remoto,Laboral,4,4,3,5,65000000.0
Pesos,Python,Extranjera,Remoto,Laboral,3,3,3,5,158480000.0
Pesos,Python,Extranjera,Remoto,Laboral,5,5,4,5,216000000.0
Pesos,SQL,Extranjera,Remoto,Laboral,4,4,4,5,145600000.0
Pesos,C#,Extranjera,Remoto,Laboral,14,14,3,5,287600000.0
Pesos,Javascript,Extranjera,Remoto,Laboral,15,15,4,6,546782500.0
Pesos,Typescript,Colombiana con mercado extranjero,Remoto,Laboral,8,8,3,4,336000000.0
Dólares,Go,Extranjera,Remoto,Laboral,8,8,4,5,100000.0
Pesos,Typescript,Extranjera,Remoto,Laboral,15,15,3,5,260000000.0
Dólares,PHP,Extranjera,Remoto,Prestación de servicios/Contractor/Independiente,8,8,3,3,65000.0
Dólares,Javascript,Extranjera,Remoto,Prestación de servicios/Contractor/Independiente,2,2,4,5,24000.0
Pesos,Javascript,Colombiana con mercado nacional,Presencial,Laboral,3,3,3,3,28493806.0
Dólares,Typescript,Extranjera,Presencial,Laboral,3,3,4,5,70000.0
Pesos,Java,Extranjera,Híbrido,Laboral,10,10,2,5,252000000.0
Pesos,Java,Soy independiente (Freelance),Remoto,Prestación de servicios/Contractor/Independiente,20,20,2,6,240000000.0
Dólares,Kotlin,Extranjera,Remoto,Prestación de servicios/Contractor/Independiente,4,4,2,5,21600.0
Pesos,PHP,Colombiana con mercado extranjero,Remoto,Laboral,8,8,1,5,74360000.0
Pesos,Kotlin,Colombiana con mercado nacional,Híbrido,Laboral,8,8,1,5,56100000.0
Dólares,Kotlin,Extranjera,Remoto,Prestación de servicios/Contractor/Independiente,8,8,2,5,35000.0
Dólares,Otro lenguaje de programación,Extranjera,Remoto,Prestación de servicios/Contractor/Independiente,11,11,4,5,105000.0
Dólares,Javascript,Extranjera,Remoto,Prestación de servicios/Contractor/Independiente,7,7,2,5,60000.0
Pesos,SQL,Colombiana con mercado extranjero,Remoto,Laboral,11,11,3,6,26000000.0
Pesos,Ruby,Colombiana con mercado extranjero,Remoto,Laboral,8,8,3,5,192000000.0
Pesos,Python,Extranjera,Híbrido,Laboral,7,7,0,4,170000000.0
Dólares,Typescript,Soy independiente (Freelance),Remoto,Prestación de servicios/Contractor/Independiente,2,2,2,2,10800.0
Pesos,Typescript,Colombiana con mercado nacional,Remoto,Laboral,5,5,3,5,42000000.0
Pesos,Typescript,Colombiana con mercado extranjero,Remoto,Laboral,3,3,1,6,36545000.0
Pesos,Java,Colombiana con mercado nacional,Remoto,Laboral,12,12,2,5,11000000.0
Pesos,Javascript,Colombiana con mercado extranjero,Remoto,Laboral,4,4,3,5,0.0
Pesos,Typescript,Extranjera,Remoto,Laboral,13,13,3,6,222060000.0
Pesos,Java,Colombiana con mercado nacional,Remoto,Laboral,4,4,0,5,91000000.0
Pesos,Javascript,Extranjera,Remoto,Laboral,10,10,2,5,70000000.0
Dólares,Javascript,Extranjera,Remoto,Prestación de servicios/Contractor/Independiente,5,5,2,5,40000.0
Dólares,Soy Manager,Extranjera,Híbrido,Prestación de servicios/Contractor/Independiente,2,2,4,4,35000.0
Pesos,Dart,Soy independiente (Freelance),Remoto,Laboral,2,2,0,4,0.0
Dólares,C#,Extranjera,Remoto,Prestación de servicios/Contractor/Independiente,12,12,4,5,76368.0
Pesos,Python,Extranjera,Híbrido,Laboral,13,13,2,4,182000000.0
Pesos,Javascript,Colombiana con mercado nacional,Remoto,Laboral,3,3,3,3,35000000.0
Dólares,Java,Extranjera,Remoto,Prestación de servicios/Contractor/Independiente,9,9,3,5,72000.0
Pesos,Typescript,Extranjera,Remoto,Laboral,7,7,4,6,547272000.0
Dólares,Java,Extranjera,Remoto,Prestación de servicios/Contractor/Independiente,8,8,4,5,79200.0
Pesos,Swift/Objective C,Colombiana con mercado extranjero,Remoto,Laboral,8,8,4,5,22000000.0
Pesos,Python,Colombiana con mercado nacional,Remoto,Laboral,3,3,2,5,145000000.0
Dólares,PHP,Extranjera,Remoto,Prestación de servicios/Contractor/Independiente,10,10,4,5,65000.0
Dólares,Python,Extranjera,Remoto,Prestación de servicios/Contractor/Independiente,7,7,4,6,105000.0
Pesos,Swift/Objective C,Extranjera,Remoto,Laboral,8,8,4,5,246571500.0
Pesos,Go,Colombiana con mercado nacional,Remoto,Laboral,3,3,2,6,200000000.0
Pesos,Java,Colombiana con mercado nacional,Remoto,Laboral,3,3,2,5,54990000.0
Dólares,Javascript,Extranjera,Remoto,Prestación de servicios/Contractor/Independiente,6,6,3,5,35000.0
Pesos,Python,Colombiana con mercado nacional,Remoto,Laboral,4,4,1,2,96000000.0
Pesos,Javascript,Colombiana con mercado nacional,Remoto,Laboral,6,6,2,4,70000000.0
Pesos,Go,Colombiana con mercado nacional,Remoto,Laboral,3,3,2,5,100000000.0
Pesos,Javascript,Extranjera,Remoto,Laboral,14,14,1,5,220000000.0
Dólares,Ruby,Extranjera,Remoto,Prestación de servicios/Contractor/Independiente,41,41,3,5,5000.0
Pesos,Ruby,Extranjera,Remoto,Laboral,5,5,2,6,165000000.0
Pesos,Ruby,Extranjera,Híbrido,Laboral,20,20,4,5,244800000.0
Pesos,Ruby,Extranjera,Híbrido,Laboral,4,4,4,5,84000000.0
Dólares,Ruby,Extranjera,Híbrido,Prestación de servicios/Contractor/Independiente,6,6,4,4,87000.0
Dólares,Rust,Extranjera,Remoto,Prestación de servicios/Contractor/Independiente,21,21,4,5,72000.0
Pesos,Java,Colombiana con mercado extranjero,Remoto,Laboral,4,4,2,3,135000000.0
Pesos,Java,Colombiana con mercado extranjero,Remoto,Laboral,10,10,3,6,180000000.0
Dólares,Typescript,Extranjera,Remoto,Prestación de servicios/Contractor/Independiente,12,12,4,5,150000.0
Pesos,Typescript,Colombiana con mercado extranjero,Remoto,Laboral,6,6,2,6,100000000.0
Pesos,C#,Extranjera,Remoto,Laboral,4,4,3,5,139000000.0
Dólares,Javascript,Extranjera,Remoto,Prestación de servicios/Contractor/Independiente,10,10,3,5,84000.0
Pesos,Ruby,Extranjera,Remoto,Laboral,5,5,4,5,175500000.0
Pesos,Javascript,Colombiana con mercado extranjero,Remoto,Laboral,13,13,4,5,294000000.0
